county_code,county,district_code,district_name,district_type,district_type_label,total_enrollment,number_of_schools,urbanicity,urbanicity_score,has_ai_policy,ai_policy_flag,has_se_policy,policy_link,policy_number,policy_adopted,policy_revision_dates,students_of_color_percent,frpl_percent,multilingual_percent
01,Atlantic,0010,Absecon Public Schools District,E,Elementary,897,2,"Suburb, Large",3.0,False,False,False,,,,,0.556,0.5599999999999999,0.106
19,Hunterdon,0020,Alexandria Township School District,E,Elementary,417,1,"Rural, Distant",1.0,False,False,True,,,,,0.15599999999999992,0.101,0.019
41,Warren,0030,Allamuchy Township School District,E,Elementary,394,2,"Rural, Fringe",1.0,True,True,True,https://www.straussesmay.com/seportal/public/DistrictPolicy.aspx?policyid=2365&id=b656191cd0a544338a4f80a6573b5812,2365,2025-02-24,,0.33799999999999997,0.17800000000000002,0.023
03,Bergen,0040,Allendale Public School District,E,Elementary,829,2,"Suburb, Large",3.0,True,True,True,https://www.straussesmay.com/seportal/Public/DistrictPolicy.aspx?policyid=2365&id=96966492b9c440708342fab45bea3a45,2365,2024-08-28,"2025-10-15, 2025-11-12",0.30599999999999994,0.013000000000000001,0.016
33,Salem,0060,Alloway Twp School District,E,Elementary,272,1,"Rural, Distant",1.0,True,False,False,https://www.allowayschool.org/atsd/Board/District%20Policy/6000%20-%20Instruction/6142.11-Artificial%20Intelligence%20edited,6142,2025-04-01,,0.1359999999999999,0.18,0.0
41,Warren,0070,Alpha Borough School District,E,Elementary,197,1,"Suburb, Large",3.0,False,False,True,,,,,0.31999999999999995,0.467,1.0
03,Bergen,0080,Alpine School District,E,Elementary,152,1,"Suburb, Large",3.0,False,False,True,,,,,0.44100000000000006,0,0.013000000000000001
37,Sussex,0090,Andover Regional School District,E,Elementary,489,2,"Town, Fringe",2.0,True,True,True,https://www.straussesmay.com/seportal/Public/DistrictPolicy.aspx?policyid=5701&id=f3a2ec92bfe348c7af292a3c29aebf6d,5701,2015-09-15,2025-02-19,0.30299999999999994,0.246,0.051
21,Mercer,3105,Area Vocational Technical School District Of Mercer County,U,Unified,842,5,"Suburb, Large",3.0,True,True,True,https://www.straussesmay.com/seportal/Public/DistrictPolicy.aspx?policyid=2365&id=7c27aac7e4f446e3a94550cf7cfe2024,2365,2025-02-18,,0.796,0.505,0.03
25,Monmouth,0100,Asbury Park School District,U,Unified,1316,4,"Suburb, Large",3.0,True,True,True,https://www.straussesmay.com/seportal/Public/DistrictPolicy.aspx?policyid=5701&id=446eedcd0fa94e6198d7707eb31fd43d,5701,2010-12-22,2025-03-26,0.964,0.7100000000000001,0.20600000000000002
01,Atlantic,0110,Atlantic City School District,U,Unified,6084,11,"City, Small",4.0,True,True,True,https://www.straussesmay.com/seportal/Public/DistrictPolicy.aspx?policyid=5701&id=7401ed068aea4a13b65b4618540e9852,5701,2002-05-01,2025-04-01,0.976,0.8390000000000001,0.21899999999999997
01,Atlantic,0125,Atlantic County Special Services School District,U,Unified,339,2,"Suburb, Large",3.0,False,False,True,,,,,0.729,0.413,0.9
01,Atlantic,0120,Atlantic County Vocational School District,S,Secondary,1953,1,"Suburb, Large",3.0,True,False,True,https://www.straussesmay.com/seportal/Public/DistrictPolicy.aspx?policyid=2365&id=6878e4358c994bd992b65f3c5cfa445a,2365,2024-09-24,2025-04-30,0.726,0.601,0.4
07,Camden,0150,Audubon Public School District,U,Unified,1391,4,"Suburb, Large",3.0,True,True,True,https://www.straussesmay.com/seportal/Public/DistrictPolicy.aspx?policyid=5701&id=4c30d90ce4724b5d9d9b1376493bf4d5,5701,2015-11-18,2025-10-15,0.17299999999999993,0.23900000000000002,0.011000000000000001
09,Cape May,0170,Avalon School District,E,Elementary,92,1,"Suburb, Large",3.0,False,False,False,,,,,0.07599999999999996,0,0.0
25,Monmouth,0180,Avon Boro School District,E,Elementary,112,1,"Suburb, Large",3.0,True,True,True,https://www.straussesmay.com/seportal/public/DistrictPolicy.aspx?policyid=2365&id=94d5781d90e14a75a50af665b7895cec,2365,2025-02-01,,0.10699999999999998,0.161,0.027000000000000003
29,Ocean,0185,Barnegat Township School District,U,Unified,3636,6,"Suburb, Large",3.0,True,True,True,https://www.straussesmay.com/seportal/public/DistrictPolicy.aspx?policyid=2365&id=9ceb297c28bf45c9a63d060e20d78e07,2365,2024-08-27,,0.391,0.468,0.026000000000000002
07,Camden,0190,Barrington School District,E,Elementary,537,2,"Suburb, Large",3.0,True,True,True,https://www.straussesmay.com/seportal/Public/DistrictPolicy.aspx?policyid=5710&id=ba9fed582f6e4dd193efb6a7a49b4cbb,5701,2008-05-12,2025-05-05,0.30400000000000005,0.351,0.032
29,Ocean,0210,Bay Head Borough School District,E,Elementary,126,1,"Suburb, Large",3.0,False,False,True,,,,,0.08700000000000008,0,0.0
17,Hudson,0220,Bayonne School District,U,Unified,10606,13,"Suburb, Large",3.0,True,True,True,https://www.straussesmay.com/seportal/Public/DistrictPolicy.aspx?policyid=2365&id=6d33382a30df4553ad2deaaea3d32e4e,2365,2025-04-29,,0.613,0.5670000000000001,0.11699999999999999
25,Monmouth,0225,Bayshore Jointure Commission School District,U,Unified,59,1,"Suburb, Large",3.0,True,True,True,https://www.straussesmay.com/seportal/Public/DistrictPolicy.aspx?policyid=5701&id=5161cc51fc7a4bf1b967fcbfc7f19c2a,5701,2013-12-11,2025-03-26,0.508,0.22,0.0
29,Ocean,0230,Beach Haven School District,E,Elementary,53,1,"Suburb, Large",3.0,True,True,True,https://www.straussesmay.com/seportal/Public/DistrictPolicy.aspx?policyid=5701&id=c59ff80a7cc7441cac572599af87ca40,5701,2010-01-26,2025-02-26,0.18900000000000006,0,0.0
35,Somerset,0240,Bedminster Township Public School District,E,Elementary,416,1,"Suburb, Large",3.0,True,True,True,https://www.straussesmay.com/seportal/Public/DistrictPolicy.aspx?policyid=2365&id=a351dfc744194808be93335028534bce,2365,2025-07-17,,0.46399999999999997,0.158,0.07
13,Essex,0250,Belleville Public School District,U,Unified,4939,10,"Suburb, Large",3.0,False,False,True,,,,,0.917,0.5630000000000001,0.145
07,Camden,0260,Bellmawr Public School District,E,Elementary,1132,3,"Suburb, Large",3.0,True,True,True,https://www.straussesmay.com/seportal/Public/DistrictPolicy.aspx?policyid=5701&id=187c89d102334d12bd1752acc97aaf3b,5701,2008-09-23,2025-02-26,0.481,0.5840000000000001,0.035
25,Monmouth,0270,Belmar Elementary School District,E,Elementary,388,1,"Suburb, Large",3.0,False,False,False,,,,,0.626,0.5740000000000001,0.131
41,Warren,0280,Belvidere School District,U,Unified,558,2,"Rural, Distant",1.0,True,True,True,https://www.straussesmay.com/seportal/Public/DistrictPolicy.aspx?policyid=5701&id=ca2c497621ce435ab10dfa17a9b3f5bd,5701,2021-10-27,2025-02-26,0.2240000000000001,0.36200000000000004,0.4
03,Bergen,0285,Bergen County Special Services School District,U,Unified,621,6,"Suburb, Large",3.0,True,True,True,https://www.straussesmay.com/seportal/Public/DistrictPolicy.aspx?policyid=2365&id=c3d786587a2d4210afa45ab6ca7fce7e,2365,2025-01-21,,0.7130000000000001,0.20299999999999999,0.016
03,Bergen,0290,Bergen County Vocational Technical School District,S,Secondary,2978,7,"Suburb, Large",3.0,True,True,True,https://www.straussesmay.com/seportal/Public/DistrictPolicy.aspx?policyid=2365&id=54cbd10ea7ad4e20b3f49089d28d1232,2365,2025-01-28,,0.666,0.181,0.0
03,Bergen,0300,Bergenfield Borough School District,U,Unified,3547,7,"Suburb, Large",3.0,True,True,True,https://www.straussesmay.com/seportal/Public/DistrictPolicy.aspx?policyid=2365&id=aedc70d816fc4710bf7ed687fd56a0ce,2365,2025-09-15,,0.902,0.41600000000000004,0.083
39,Union,0310,Berkeley Heights School District,U,Unified,2305,6,"Suburb, Large",3.0,True,True,True,https://boardpolicyonline.com/?b=berkeley_nj,5701,,,0.42100000000000004,0.42300000000000004,0.016
29,Ocean,0320,Berkeley Township School District,E,Elementary,2441,4,"Suburb, Large",3.0,True,True,True,https://www.straussesmay.com/seportal/Public/DistrictPolicy.aspx?policyid=2365&id=10c68477bffb45b991885b8a6a814ff3,2365,2025-10-01,,0.34099999999999997,0.37799999999999995,0.016
07,Camden,0330,Berlin Borough School District,E,Elementary,934,1,"Suburb, Large",3.0,True,True,True,https://www.straussesmay.com/seportal/public/DistrictPolicy.aspx?policyid=5701&id=782049bbd918453b83db915530e851a2,5701,2009-11-19,2025-02-26,0.33799999999999997,0.21500000000000002,0.016
07,Camden,0340,Berlin Township School District,E,Elementary,618,2,"Suburb, Large",3.0,True,True,False,https://boardpolicyonline.com/?b=berlin_township,6142,2025-08-01,,0.469,0.518,0.021
35,Somerset,0350,Bernards Township School District,U,Unified,4506,6,"Suburb, Large",3.0,True,True,True,https://www.straussesmay.com/seportal/Public/DistrictPolicy.aspx?policyid=2365&id=54fb5ffad2664510b095660b418c6ff5,2365,2025-06-16,,0.5329999999999999,0.028999999999999998,0.024
19,Hunterdon,0370,Bethlehem Township School District,E,Elementary,354,2,"Rural, Distant",1.0,True,True,True,https://www.straussesmay.com/seportal/Public/DistrictPolicy.aspx?policyid=5701&id=07e9906a88ab474789a2352b84ca40c3,5701,2008-02-26,2025-02-19,0.16099999999999992,0.33399999999999996,0.8
05,Burlington,0380,Beverly City School District,E,Elementary,328,1,"Suburb, Large",3.0,False,False,True,,,,,0.726,0.622,0.10099999999999999
07,Camden,0390,Black Horse Pike Regional School District,S,Secondary,3305,3,"Suburb, Large",3.0,True,True,True,https://www.straussesmay.com/seportal/public/DistrictPolicy.aspx?policyid=2365&id=b3aaded50fc34fb78dd9a1156158e7c2,2365,2024-12-19,,0.5589999999999999,0.483,0.025
41,Warren,0400,Blairstown Elementary Township School District,E,Elementary,436,1,"Rural, Distant",1.0,False,False,True,,,,,0.19499999999999995,0.2,0.0
13,Essex,0410,Bloomfield Township School District,U,Unified,6185,11,"Suburb, Large",3.0,True,True,True,https://www.straussesmay.com/seportal/Public/DistrictPolicy.aspx?policyid=2365&id=4182c62e53504f62a06a98a8504adc56,2365,2025-02-11,,0.773,0.379,0.063
31,Passaic,0420,Bloomingdale School District,E,Elementary,704,3,"Suburb, Large",3.0,True,True,True,https://www.straussesmay.com/seportal/Public/DistrictPolicy.aspx?policyid=2365&id=58f2fb4f0f6a40168d82875bc9a238c1,2365,2025-02-19,,0.43899999999999995,0.385,0.024
19,Hunterdon,0430,Bloomsbury Borough School District,E,Elementary,98,1,"Rural, Fringe",1.0,False,False,False,,,,,0.3370000000000001,0.22399999999999998,0.0
03,Bergen,0440,Bogota Public School District,U,Unified,1306,4,"Suburb, Large",3.0,True,True,True,https://www.straussesmay.com/seportal/Public/DistrictPolicy.aspx?policyid=2365&id=449f3bfda433413eb4a1f0e10cefb61b,2365,2025-06-17,,0.897,0.6240000000000001,0.084
27,Morris,0450,Boonton Town Public School District,U,Unified,1504,3,"Suburb, Large",3.0,True,True,True,https://www.straussesmay.com/seportal/Public/DistrictPolicy.aspx?policyid=2365&id=f0e70506e17b4c6c8ac42615e382d8df,2365,2024-12-01,,0.512,0.321,0.1
27,Morris,0460,Boonton Township School District,U,Unified,416,1,"Suburb, Large",3.0,False,False,True,,,,,0.23299999999999998,0.219,0.0
05,Burlington,0475,Bordentown Regional School District,U,Unified,2225,5,"Suburb, Large",3.0,True,True,False,https://4.files.edl.io/67aa/01/12/26/141855-efe0736e-b6b0-4f05-8779-15a1b0884655.pdf,6142,,,0.4129999999999999,0.217,0.017
35,Somerset,0490,Bound Brook School District,U,Unified,1896,5,"Suburb, Large",3.0,True,True,True,https://www.straussesmay.com/seportal/Public/DistrictPolicy.aspx?policyid=2365&id=b6a35a5ad7d04a4aa0e73c6e97fed0c0,2365,2025-04-30,2025-11-20,0.882,0.6589999999999999,0.34299999999999997
25,Monmouth,0500,Bradley Beach School District,E,Elementary,196,1,"Suburb, Large",3.0,True,True,True,https://www.straussesmay.com/seportal/Public/DistrictPolicy.aspx?policyid=5701&id=1cbe8cefbbef47db860e5009f26ec728,5701,2000-10-17,2025-02-18,0.719,0.678,0.28600000000000003
35,Somerset,0510,Branchburg Township School District,E,Elementary,1388,3,"Suburb, Large",3.0,True,True,True,https://www.straussesmay.com/seportal/Public/DistrictPolicy.aspx?policyid=2365&id=8878decfc3e54a2580134ab73d347702,2365,2025-09-18,,0.385,0.123,0.019
29,Ocean,0530,Brick Township Public School District,U,Unified,7919,12,"Suburb, Large",3.0,False,False,True,,,,,0.348,0.39399999999999996,0.075
11,Cumberland,0540,Bridgeton City School District,U,Unified,6274,8,"Town, Fringe",2.0,False,False,False,,,,,0.975,0.7989999999999999,0.368
35,Somerset,0555,Bridgewater-Raritan Regional School District,U,Unified,7498,11,"Suburb, Large",3.0,False,False,True,,,,,0.604,0.17,0.046
25,Monmouth,0560,Brielle Boro School District,E,Elementary,474,1,"Suburb, Large",3.0,False,False,False,,,,,0.05900000000000005,0.025,0.4
01,Atlantic,0570,Brigantine Public School District,E,Elementary,341,1,"Suburb, Large",3.0,True,True,True,https://www.straussesmay.com/seportal/Public/DistrictPolicy.aspx?policyid=5701&id=f826311f955c4bf881cb6673554f5c40,5701,2009-03-01,2025-03-01,0.243,0.323,0.021
07,Camden,0580,Brooklawn Public School District,E,Elementary,303,1,"Suburb, Large",3.0,False,False,True,,,,,0.5349999999999999,0.694,0.11199999999999999
01,Atlantic,0590,Buena Regional School District,U,Unified,1504,5,"Rural, Fringe",1.0,True,True,True,https://www.straussesmay.com/seportal/Public/DistrictPolicy.aspx?policyid=5701&id=17db51705e6b4af0a2a8f0f24973a14d,5701,,,0.45200000000000007,0.577,0.052000000000000005
05,Burlington,0600,Burlington City Public School District,U,Unified,1746,4,"Suburb, Large",3.0,True,True,True,https://www.straussesmay.com/seportal/Public/DistrictPolicy.aspx?policyid=2365&id=4c91666d0420441b887b4630a5511bd1,2365,2025-06-09,,0.802,0.6319999999999999,0.081
05,Burlington,0610,Burlington County Institute Of Technology School District,S,Secondary,2313,2,"Rural, Fringe",1.0,True,True,True,,,,,0.662,0.42500000000000004,0.017
05,Burlington,0605,Burlington County Special Services School District,U,Unified,472,2,"Rural, Fringe",1.0,False,False,True,,,,,0.6020000000000001,0.21,0.0
05,Burlington,0620,Burlington Township School District,U,Unified,3640,4,"Suburb, Large",3.0,True,True,False,https://go.boarddocs.com/nj/burlingtontwp/Board.nsf/Private#,6142,2025-08-27,,0.743,0.40199999999999997,0.036000000000000004
27,Morris,0630,Butler Public School District,U,Unified,1102,3,"Suburb, Large",3.0,True,True,True,https://www.straussesmay.com/seportal/Public/DistrictPolicy.aspx?policyid=2365&id=999ca86c61de4399ab85fd0493cddd6b,2365,2025-09-25,,0.42000000000000004,0.31,0.054000000000000006
37,Sussex,0640,Byram Township School District,E,Elementary,782,2,"Rural, Fringe",1.0,True,True,True,https://www.straussesmay.com/seportal/Public/DistrictPolicy.aspx?policyid=2365&id=49bbfe0b4b7c4928840887d3310518df,2365,2025-09-17,,0.21499999999999997,0.145,0.8
13,Essex,0660,Caldwell-West School District,U,Unified,2483,7,"Suburb, Large",3.0,True,True,True,https://www.straussesmay.com/seportal/Public/DistrictPolicy.aspx?policyid=5701&id=f8be937b93c84a13aa7b09ba18cfef6e,5701,2012-12-10,2026-01-26,0.263,0.127,0.035
19,Hunterdon,0670,Califon Borough School District,E,Elementary,85,1,"Rural, Fringe",1.0,False,False,True,,,,,0.21200000000000008,0,0.0
07,Camden,0680,Camden City School District,U,Unified,6596,16,"City, Small",4.0,False,False,False,,,,,0.988,0.764,0.13699999999999998
07,Camden,0700,Camden County Technical School District,S,Secondary,2228,2,"Suburb, Large",3.0,True,True,True,https://www.straussesmay.com/seportal/Public/DistrictPolicy.aspx?policyid=5701&id=c916c98d872949efa62b6117a97ba5c3,5701,2014-09-17,2025-02-19,0.685,0.564,0.4
09,Cape May,0710,Cape May City School District,E,Elementary,152,1,"Suburb, Large",3.0,False,False,True,,,,,0.526,0.342,0.053
09,Cape May,0715,Cape May County Special Services School District,U,Unified,240,2,"Suburb, Large",3.0,True,True,True,https://www.straussesmay.com/seportal/Public/DistrictPolicy.aspx?policyid=2365&id=606e465dd60c43c79d8ef7092c9bf430,,,,0.392,0.284,0.0
09,Cape May,0720,Cape May County Technical High School District,S,Secondary,647,1,"Suburb, Large",3.0,True,True,True,https://www.straussesmay.com/seportal/Public/DistrictPolicy.aspx?policyid=2365&id=606e465dd60c43c79d8ef7092c9bf430,,,,0.272,0.448,0.016
03,Bergen,0740,Carlstadt Public School District,E,Elementary,527,1,"Suburb, Large",3.0,True,True,True,https://www.straussesmay.com/seportal/Public/DistrictPolicy.aspx?policyid=5701&id=d5ea2cd424c34a2e93cdf65d0f6c15e9,5701,2003-08-19,2025-04-22,0.605,0.41900000000000004,0.139
03,Bergen,0745,Carlstadt-East Rutherford Regional High School District,S,Secondary,854,1,"Suburb, Large",3.0,False,False,True,,,,,0.677,0.45299999999999996,0.07
23,Middlesex,0750,Carteret Public School District,U,Unified,3869,6,"Suburb, Large",3.0,False,False,True,,,,,0.9279999999999999,0.7759999999999999,0.217
13,Essex,0760,Cedar Grove Township School District,U,Unified,1586,4,"Suburb, Large",3.0,True,True,True,https://www.straussesmay.com/seportal/Public/DistrictPolicy.aspx?policyid=2365&id=c4d52559846f430a8fba033e7b28311a,2365,2025-04-29,,0.25,0.10200000000000001,0.015
29,Ocean,0770,Central Regional School District,U,Unified,2054,2,"Suburb, Large",3.0,True,True,True,https://www.straussesmay.com/seportal/Public/DistrictPolicy.aspx?policyid=5701&id=1d83281cc62644ee87d88976c9147e84,5701,2006-11-16,"2023-08-17, 2025-03-19",0.374,0.38499999999999995,0.027000000000000003
07,Camden,0800,Cherry Hill School District,U,Unified,10202,18,"Suburb, Large",3.0,True,True,True,https://www.straussesmay.com/seportal/public/DistrictPolicy.aspx?policyid=5701&id=156a7a52f82541a39b6bf662747b92f1,5701,2016-06-28,2025-05-25,0.5,0.23900000000000002,0.052000000000000005
27,Morris,0820,Chester Township School District,E,Elementary,987,3,"Rural, Fringe",1.0,False,False,False,,,,,0.278,0.356,0.036000000000000004
05,Burlington,0830,Chesterfield Township School District,E,Elementary,661,1,"Suburb, Large",3.0,False,False,True,,,,,0.43899999999999995,0.554,0.024
05,Burlington,0840,Cinnaminson Township School District,U,Unified,3081,5,"Suburb, Large",3.0,True,True,True,https://www.straussesmay.com/seportal/Public/DistrictPolicy.aspx?policyid=2365&id=8e43c2b38b624804b45ad3339348a106,2365,2025-04-15,2025-06-01,0.265,0.21600000000000003,0.044000000000000004
39,Union,0850,Clark Township Public School District,U,Unified,2348,5,"Suburb, Large",3.0,True,True,True,https://www.straussesmay.com/seportal/Public/DistrictPolicy.aspx?policyid=2365&id=02cd9cb6694c41bfb7a3189abfedda00,2365,2025-04-07,,0.28500000000000003,0.107,0.019
15,Gloucester,0860,Clayton Public School District,U,Unified,1397,3,"Suburb, Large",3.0,True,True,True,https://www.straussesmay.com/seportal/public/DistrictPolicy.aspx?policyid=5701&id=0af5065b7cf14e56baa01b56d2269805,5701,2009-01-12,2025-08-19,0.567,0.547,0.033
15,Gloucester,0870,Clearview Regional High School District,U,Unified,2047,2,"Suburb, Large",3.0,True,True,True,https://www.straussesmay.com/seportal/Public/DistrictPolicy.aspx?policyid=2365&id=ac0a424b47ee45e097c091cd31502144,2365,2024-08-22,,0.21999999999999997,0.177,0.7
07,Camden,0880,Clementon Elementary School District,E,Elementary,601,1,"Suburb, Large",3.0,True,True,True,https://www.straussesmay.com/seportal/Public/DistrictPolicy.aspx?policyid=5701&id=55ed42b869b9474d91753224c9acdca7,5701,2009-07-27,"2011-07-25, 2025-02-13",0.764,0.6709999999999999,0.092
03,Bergen,0890,Cliffside Park School District,U,Unified,3099,5,"Suburb, Large",3.0,True,True,True,https://www.straussesmay.com/seportal/Public/DistrictPolicy.aspx?policyid=2365&id=04af9d2bb35b4bca9dee873ac8174dc4,2365,2025-01-22,2026-03-26,0.758,0.716,0.17800000000000002
31,Passaic,0900,Clifton Public School District,U,Unified,10673,21,"Suburb, Large",3.0,True,True,True,https://www.straussesmay.com/seportal/Public/DistrictPolicy.aspx?policyid=2365&id=2b9d196f55974703a9977486cb1cc6ba,2365,2025-04-10,,0.745,0.695,0.135
19,Hunterdon,0920,Clinton Township School District,E,Elementary,1266,4,"Town, Fringe",2.0,True,True,True,https://www.straussesmay.com/seportal/Public/DistrictPolicy.aspx?policyid=2365&id=7c172b705bb64851a1c23829c530a73a,2365,2025-02-10,,0.30099999999999993,0.137,0.036000000000000004
19,Hunterdon,0910,Clinton-Glen Gardner School District,E,Elementary,511,1,"Town, Fringe",2.0,False,False,False,,,,,0.30700000000000005,0.21200000000000002,0.039
03,Bergen,0930,Closter Public School District,E,Elementary,1187,2,"Suburb, Large",3.0,True,True,True,https://www.closterschools.org/accnt_390190/site_390191/Documents/October-8-2024-Appendix-B-Policy-Guide-2365.pdf,2365,*,,0.5529999999999999,0.21400000000000002,0.099
07,Camden,0940,Collingswood Public School District,U,Unified,2189,10,"Suburb, Large",3.0,False,False,True,,,,,0.4179999999999999,0.34299999999999997,0.023
25,Monmouth,0945,Colts Neck Township School District,E,Elementary,1011,3,"Suburb, Large",3.0,False,False,False,,,,,0.1259999999999999,0.034,0.012
11,Cumberland,0950,Commercial Township School District,U,Unified,496,1,"Rural, Distant",1.0,True,True,True,https://drive.google.com/drive/folders/1bjItxHIPDDMm0YNXIaEuaFooqNgboLEV,,,,0.399,0.748,0.0
23,Middlesex,0970,Cranbury Township School District,E,Elementary,392,1,"Suburb, Large",3.0,True,True,True,https://www.straussesmay.com/seportal/Public/DistrictPolicy.aspx?policyid=5701&id=716d3a724dc4476089309ba0cecf787a,5701,1998-04-28,2025-04-23,0.508,0.123,0.051
39,Union,0980,Cranford Public School District,U,Unified,3766,7,"Suburb, Large",3.0,True,True,True,https://www.straussesmay.com/seportal/Public/DistrictPolicy.aspx?policyid=2365&id=323bca8587e042868a477cbcee6f9af7,2365,2025-04-28,,0.269,0.311,0.7
03,Bergen,0990,Cresskill Public School District,U,Unified,1730,4,"Suburb, Large",3.0,True,True,True,https://www.straussesmay.com/seportal/Public/DistrictPolicy.aspx?policyid=2365&id=8ac9a727ea4c4b28a746cd9d51e5c25e,2365,2025-03-17,2025-08-11,0.45100000000000007,0.223,0.095
11,Cumberland,0995,Cumberland County Board Of Vocational Education,S,Secondary,1353,1,"Suburb, Small",3.0,True,True,True,https://www.straussesmay.com/seportal/Public/DistrictPolicy.aspx?policyid=2365&id=bcf36175d8bf402886b2c749f36cb4d4,2365,2024-10-24,"2025-02-27, 2025-07-24",0.581,0.42700000000000005,0.1
11,Cumberland,0997,Cumberland Regional School District,S,Secondary,1135,1,"Rural, Fringe",1.0,True,True,True,https://files-backend.assets.thrillshare.com/documents/asset/uploaded_file/5781/Crhsd/a14522b4-fb67-4533-a254-d7ee8e0331cc/Searchable-Policies-File.pdf?disposition=inline,5701,2009-08-27,2025-04-30,0.636,0.5379999999999999,0.06
25,Monmouth,1000,Deal Boro School District,E,Elementary,160,1,"Suburb, Large",3.0,True,True,True,https://resources.finalsite.net/images/v1759341844/dealschoolorg/ujocesjl9v6jpzmybvii/Deal1000-9000PolicyUpdatedAugustSeptember20251.pdf,2365,2024-09-23,2025-01-06,0.2809999999999999,0.269,0.0
11,Cumberland,1020,Deerfield Township School District,E,Elementary,321,1,"Rural, Fringe",1.0,True,True,True,https://www.straussesmay.com/seportal/Public/DistrictPolicy.aspx?policyid=2365.01&id=adbf87a5dea748f790a3da9e68dbf917,2365.01 - staff,,,0.5389999999999999,0.5830000000000001,0.037000000000000005
05,Burlington,1030,Delanco Township School District,E,Elementary,225,1,"Suburb, Large",3.0,False,False,True,,,,,0.587,0.52,0.022000000000000002
19,Hunterdon,1040,Delaware Township School District,U,Unified,392,1,"Rural, Fringe",1.0,False,False,False,,,,,0.21700000000000008,0.097,0.026000000000000002
19,Hunterdon,1050,Delaware Valley Regional High School District,S,Secondary,638,1,"Rural, Distant",1.0,True,True,True,https://www.straussesmay.com/seportal/Public/DistrictPolicy.aspx?policyid=5701&id=f6c09ab4e35d4f5582368558e635a06a,5701,2009-08-24,"2011-06-27, 2025-05-12",0.20099999999999996,0.14900000000000002,0.013000000000000001
05,Burlington,1060,Delran Township School District,U,Unified,2817,4,"Suburb, Large",3.0,False,False,False,,,,,0.398,0.364,0.11199999999999999
15,Gloucester,4940,Delsea Regional High School District,U,Unified,1526,2,"Rural, Fringe",1.0,True,True,True,https://www.straussesmay.com/seportal/Public/DistrictPolicy.aspx?policyid=5701&id=eb3fd7fee82948ee9c46f454eab6fb26,5701,2025-06-04,,0.29200000000000004,0.273,0.012
03,Bergen,1070,Demarest School District,E,Elementary,802,3,"Suburb, Large",3.0,True,True,True,https://www.straussesmay.com/seportal/Public/DistrictPolicy.aspx?policyid=2365&id=7bb5308be8e34a51ba72f01ae40696d1,2365,2025-01-21,,0.42100000000000004,0.013999999999999999,0.07
09,Cape May,1080,Dennis Township School District,E,Elementary,590,2,"Rural, Fringe",1.0,False,False,True,,,,,0.09799999999999998,0.361,0.7
27,Morris,1090,Denville Township K-8 School District,E,Elementary,1745,3,"Suburb, Large",3.0,True,True,True,https://www.straussesmay.com/seportal/Public/DistrictPolicy.aspx?policyid=2365&id=021fcd85cc2e4c7f8acf830a9a3773fd,2365,2025-03-01,2025-10-27,0.27,0.253,0.017
15,Gloucester,1100,Deptford Township Public School District,U,Unified,4061,8,"Suburb, Large",3.0,False,False,True,,,,,0.517,0.433,0.025
27,Morris,1110,Dover Public School District,U,Unified,3169,5,"Suburb, Large",3.0,True,True,True,https://www.straussesmay.com/seportal/Public/DistrictPolicy.aspx?policyid=P2365&id=5f05919009164f078e189fd1bcfd24a8,2365,2025-03-18,,0.963,0.702,0.434
11,Cumberland,1120,Downe Township School District,E,Elementary,177,1,"Rural, Distant",1.0,False,False,False,,,,,0.254,0.526,0.011000000000000001
03,Bergen,1130,Dumont Public School District,U,Unified,2414,5,"Suburb, Large",3.0,True,True,True,https://www.straussesmay.com/seportal/Public/DistrictPolicy.aspx?policyid=2365&id=77ca0b4c3910438786486e552438cb1f,2365,2025-04-10,2025-05-01,0.649,0.19,0.040999999999999995
23,Middlesex,1140,Dunellen Public School District,U,Unified,1422,3,"Suburb, Large",3.0,True,True,True,https://www.straussesmay.com/seportal/Public/DistrictPolicy.aspx?policyid=5701&id=701567fadc794890a6ac2c40b9bd348b,5701,2002-04-23,2025-05-01,0.7989999999999999,0.5489999999999999,0.172
29,Ocean,1150,Eagleswood Township School District,E,Elementary,141,1,"Rural, Fringe",1.0,True,True,True,https://www.straussesmay.com/seportal/Public/DistrictPolicy.aspx?policyid=5701&id=339311fea43a4d6f8f7e87dbb7fedc10,5701,2008-01-22,2025-03-18,0.14200000000000002,0.14200000000000002,0.013999999999999999
19,Hunterdon,1160,East Amwell Township School District,E,Elementary,393,1,"Rural, Fringe",1.0,False,False,False,,,,,0.2240000000000001,0.16,0.023
23,Middlesex,1170,East Brunswick Township School District,U,Unified,7980,11,"Suburb, Large",3.0,False,False,True,,,,,0.588,0.265,0.048
15,Gloucester,1180,East Greenwich Township School District,E,Elementary,1236,2,"Suburb, Large",3.0,False,False,True,,,,,0.20999999999999996,0.099,0.6
27,Morris,1190,East Hanover Township School District,E,Elementary,1088,3,"Suburb, Large",3.0,False,False,True,,,,,0.365,0.015,0.016
17,Hudson,1200,East Newark School District,U,Unified,183,1,"Suburb, Large",3.0,True,True,True,https://www.straussesmay.com/seportal/Public/DistrictPolicy.aspx?policyid=2365&id=b184b04574794a70bf3ce7848e5e803f,2365,2025-09-09,,0.874,0.6829999999999999,0.295
13,Essex,1210,East Orange School District,U,Unified,8734,19,"Suburb, Large",3.0,True,True,False,https://4.files.edl.io/0e73/10/22/25/191641-51fbce8c-9a91-4466-9447-6c0e51c2af4f.pdf,5701,2010-01-12,"2016-12-13, 2023-02-13, 2025-03-26",0.96,0.556,0.152
03,Bergen,1230,East Rutherford School District,E,Elementary,784,3,"Suburb, Large",3.0,True,True,True,https://www.straussesmay.com/seportal/Public/DistrictPolicy.aspx?policyid=5701&id=8123269e120b4bd38bfd33f99750a769,5701,2000-06-25,"2009-05-28, 2025-02-20",0.675,0.49500000000000005,0.077
21,Mercer,1245,East Windsor Regional School District,U,Unified,4856,6,"Suburb, Large",3.0,True,True,True,https://www.straussesmay.com/seportal/Public/DistrictPolicy.aspx?policyid=2365&id=938b457d09c0433fab9aff1058e7e992,2365,2024-12-09,,0.765,0.47000000000000003,0.21
05,Burlington,1250,Eastampton Township School District,E,Elementary,611,1,"Suburb, Large",3.0,True,True,True,https://www.straussesmay.com/seportal/Public/DistrictPolicy.aspx?policyid=2365&id=af463aa5650e4228a1110cf42e2101d2,2025-07-21 00:00:00,,,0.494,0.26,1.0
07,Camden,1255,Eastern Camden County Regional School District,S,Secondary,1785,1,"Suburb, Large",3.0,True,True,True,https://www.straussesmay.com/seportal/Public/DistrictPolicy.aspx?policyid=2365&id=263174d884f941ff8a17828b0ea86790,2365,2026-03-16,,0.44899999999999995,0.16399999999999998,0.9
25,Monmouth,1260,Eatontown Public School District,E,Elementary,984,4,"Suburb, Large",3.0,True,True,True,https://www.straussesmay.com/seportal/Public/DistrictPolicy.aspx?policyid=5701&id=fa2be42f3350497ba01d81cf96fe0934,5701,2000-04-10,2025-02-10,0.5389999999999999,0.492,0.091
05,Burlington,1280,Edgewater Park Township School District,E,Elementary,986,2,"Suburb, Large",3.0,True,True,True,https://www.straussesmay.com/seportal/Public/DistrictPolicy.aspx?policyid=2365&id=8132fa716a184b53a9ac274efa9b15d3,2365,2025-09-01,2025-10-14,0.6599999999999999,0.47,0.248
03,Bergen,1270,Edgewater School District,E,Elementary,731,2,"Suburb, Large",3.0,True,True,True,https://drive.google.com/file/d/17ysObMdlNn_v9hiDptkLlkM7odBsf_RY/view,5701,2022-10-20,2025-05-22,0.72,0.17,0.242
23,Middlesex,1290,Edison Township School District,U,Unified,16191,19,"Suburb, Large",3.0,True,True,True,https://www.straussesmay.com/seportal/Public/DistrictPolicy.aspx?policyid=2365&id=872d7fa6dac44a08ba4829100fa19af7,2365,2025-01-21,,0.914,0.302,0.067
27,Morris,3364,Educational Services Commission Of Morris County,U,Unified,16,1,"Suburb, Large",3.0,False,False,False,,,,,0.625,0.063,0.0
23,Middlesex,3145,Educational Services Commission Of New Jersey,U,Unified,696,6,"Suburb, Large",3.0,True,True,True,https://www.straussesmay.com/seportal/Public/DistrictPolicy.aspx?policyid=5701&id=b0ce8481cdbb4a0983335c14bf89148e,5701,2025-03-21,,0.81,0.323,0.05
01,Atlantic,1300,Egg Harbor City School District,E,Elementary,519,2,"Suburb, Large",3.0,False,False,False,,,,,0.784,0.7749999999999999,0.044000000000000004
01,Atlantic,1310,Egg Harbor Township School District,U,Unified,7473,7,"Suburb, Large",3.0,True,True,True,https://files.smartsites.parentsquare.com/10854/2365_artificial_intelligence09172024.pdf,2365,2024-09-07,2024-09-07,0.61,0.528,0.045
39,Union,1320,Elizabeth Public Schools,U,Unified,26708,37,"Suburb, Large",3.0,False,False,False,,,,,0.9390000000000001,0.825,0.414
15,Gloucester,1330,Elk Township School District,E,Elementary,362,1,"Rural, Fringe",1.0,False,False,False,,,,,0.33999999999999997,0.276,0.03
03,Bergen,1345,Elmwood Park School District,U,Unified,2468,5,"Suburb, Large",3.0,True,True,True,https://www.straussesmay.com/seportal/Public/DistrictPolicy.aspx?policyid=2365&id=32b39a43d10143cc9b9a54a5e2dd638c,2365,2025-01-28,,0.6930000000000001,0.5619999999999999,0.098
33,Salem,1350,Elsinboro Township School District,E,Elementary,110,1,"Town, Fringe",2.0,False,False,False,,,,,0.42700000000000005,0.47200000000000003,0.0
03,Bergen,1360,Emerson Public School District,U,Unified,1035,3,"Suburb, Large",3.0,True,True,True,https://www.straussesmay.com/seportal/Public/DistrictPolicy.aspx?policyid=2365&id=e3ebe9c286f348cf97c0ef330cd626cd,2365,2025-04-28,2025-05-01,0.402,0.141,0.03
03,Bergen,1380,Englewood Cliffs School District,E,Elementary,407,2,"Suburb, Large",3.0,True,True,True,https://www.straussesmay.com/seportal/Public/DistrictPolicy.aspx?policyid=2365&id=1ff00acbe1d24fbb83f1b21f48bd1384,2365,2024-09-26,2025-08-21,0.749,0,0.111
03,Bergen,1370,Englewood Public School District,U,Unified,2648,5,"Suburb, Large",3.0,True,True,True,https://www.straussesmay.com/seportal/Public/DistrictPolicy.aspx?policyid=2365&id=1ff00acbe1d24fbb83f1b21f48bd1384,2365,2024-09-26,2025-08-21,0.935,0.734,0.2
13,Essex,1390,Essex County Schools Of Technology,S,Secondary,2373,3,"City, Large",4.0,False,False,True,,,,,0.968,0.7429999999999999,0.09300000000000001
13,Essex,1400,Essex Fells School District,E,Elementary,251,1,"Suburb, Large",3.0,True,True,True,https://resources.finalsite.net/images/v1772210282/efsk6org/s1dc3l1efnkr1r1j3ayi/EssexFellsPoliciesUpdated22526.pdf,2365,2025-03-19,,0.243,0,0.0
13,Essex,1387,Essex Regional Educational Services Commission,U,Unified,100,3,"Suburb, Large",3.0,False,False,False,,,,,1,0.72,0.05
01,Atlantic,1410,Estell Manor School District,E,Elementary,194,1,"Rural, Fringe",1.0,False,False,True,,,,,0.11299999999999999,0.294,0.0
05,Burlington,1420,Evesham Township School District,E,Elementary,4737,8,"Suburb, Large",3.0,False,False,True,,,,,0.361,0.16099999999999998,0.017
21,Mercer,1430,Ewing Township School District,U,Unified,3571,5,"Suburb, Large",3.0,True,True,True,https://www.straussesmay.com/seportal/Public/DistrictPolicy.aspx?policyid=5701&id=463e7cd6c2714c62bde9f3d39dd18a71,5701,2000-01-03,2025-08-25,0.8260000000000001,0.591,0.10400000000000001
25,Monmouth,1440,Fair Haven School District,E,Elementary,949,2,"Suburb, Large",3.0,True,True,True,https://www.straussesmay.com/seportal/Public/DistrictPolicy.aspx?policyid=2365&id=b53bac77022544ff97f15c021c882ace,2365,2025-08-27,,0.06599999999999995,0.113,0.3
03,Bergen,1450,Fair Lawn Public School District,U,Unified,5470,9,"Suburb, Large",3.0,False,False,True,,,,,0.4670000000000001,0.206,0.048
13,Essex,1465,Fairfield Public School District,E,Elementary,713,2,"Suburb, Large",3.0,True,True,False,https://boe.fairfieldschools.org/uploads/policies/5114_1769693136.pdf,5114,2010-11-09,"2014-09-23, 2016-05-17, 2024-11-12",0.2240000000000001,0.629,0.021
11,Cumberland,1460,Fairfield Township School District,E,Elementary,77,1,"Rural, Fringe",1.0,True,True,True,https://www.straussesmay.com/seportal/Public/DistrictPolicy.aspx?policyid=2365&id=03643a248a424615a8b488577502bf12,2365,2025-11-13,,0.961,0.636,0.273
03,Bergen,1470,Fairview Public School District,E,Elementary,1479,3,"Suburb, Large",3.0,True,True,True,https://www.straussesmay.com/seportal/Public/DistrictPolicy.aspx?policyid=2365&id=856c22ed3670477cb574bcd0b1298c85,2365,2025-01-28,,0.929,0.7729999999999999,0.247
25,Monmouth,1490,Farmingdale Public School District,E,Elementary,161,1,"Suburb, Large",3.0,True,True,True,https://www.straussesmay.com/seportal/Public/DistrictPolicy.aspx?policyid=2365&id=99cced1b6c3d42cf98f7dc16673273dc,2365,2025-08-27,,0.19900000000000007,0.187,0.012
19,Hunterdon,1510,Flemington-Raritan Regional School District,E,Elementary,3239,6,"Town, Fringe",2.0,False,False,False,,,,,0.44399999999999995,0.258,0.08199999999999999
05,Burlington,1520,Florence Township School District,U,Unified,1534,3,"Suburb, Large",3.0,False,False,False,,,,,0.542,0.44800000000000006,0.054000000000000006
27,Morris,1530,Florham Park School District,E,Elementary,956,3,"Suburb, Large",3.0,True,True,False,https://cdnsm5-ss19.sharpschool.com/UserFiles/Servers/Server_213718/File/School%20Info/Code%20of%20Conduct/25-26%20BWD%20Code%20of%20Conduct.pdf,5701,*,,0.31000000000000005,0.512,0.027999999999999997
01,Atlantic,1540,Folsom Borough School District,E,Elementary,388,1,"Rural, Fringe",1.0,True,True,True,https://docs.google.com/file/d/13tqjiPl_CIaeFbU91xrqeBfpwaDtuhNi/view,2365,2025-09-16,2025-09-16,0.24,0.245,0.026000000000000002
03,Bergen,1550,Fort Lee School District,U,Unified,3932,6,"Suburb, Large",3.0,False,False,True,,,,,0.769,0.226,0.14400000000000002
37,Sussex,1560,Frankford Township Consolidated School District,E,Elementary,487,1,"Rural, Distant",1.0,True,True,False,https://drive.google.com/drive/folders/1jUIbuxQrHg08J9GTgk5d-AqAB5l1I85W,6142,2025-09-22,,0.11699999999999999,0.154,0.016
37,Sussex,1570,Franklin Borough School District,E,Elementary,488,1,"Town, Distant",2.0,True,True,True,https://fboe.org/wp-content/uploads/2025/02/Attachment-9-Policy-5701-Academic-Integrity.pdf,5701,2025-02-10,,0.44299999999999995,0.5,0.035
03,Bergen,1580,Franklin Lakes School District,E,Elementary,1162,4,"Suburb, Large",3.0,True,True,True,https://www.straussesmay.com/seportal/Public/DistrictPolicy.aspx?policyid=5701&id=4362b74cff024250b10b70249c9d34f9,5701,2022-06-07,2025-05-13,0.262,0.912,0.013999999999999999
35,Somerset,1610,Franklin Township Public School District,U,Unified,7045,10,"Suburb, Large",3.0,True,True,True,https://www.straussesmay.com/seportal/Public/DistrictPolicy.aspx?policyid=2365&id=dee0738b01174df78e809801d90bca51,2365,2026-05-28,,0.902,0.522,0.15
19,Hunterdon,1600,Franklin Township School District,E,Elementary,293,1,"Rural, Fringe",1.0,False,False,False,,,,,0.259,0.871,0.034
41,Warren,1620,Franklin Township School District,E,Elementary,255,1,"Rural, Fringe",1.0,True,True,True,https://www.straussesmay.com/seportal/Public/DistrictPolicy.aspx?policyid=5701&id=27a31d26d7a243b18cefe73d6dedcf29,5701,2025-10-10,,0.32499999999999996,0.21600000000000003,0.0
37,Sussex,1630,Fredon Township School District,E,Elementary,220,1,"Rural, Distant",1.0,True,True,True,https://www.straussesmay.com/seportal/Public/DistrictPolicy.aspx?policyid=2365&id=611d3576488e4e62b9ea21857851fe22,2365,2025-02-24,,0.18200000000000005,0.132,0.0
25,Monmouth,1640,Freehold Borough School District,E,Elementary,1477,3,"Suburb, Large",3.0,True,True,True,https://www.straussesmay.com/seportal/Public/DistrictPolicy.aspx?policyid=2365&id=51701a82ee4d449f847bd35cdd010203,2365,2024-12-09,,0.869,0.774,0.233
25,Monmouth,1650,Freehold Regional High School District,S,Secondary,9480,6,"Suburb, Large",3.0,True,True,True,https://www.straussesmay.com/seportal/Public/DistrictPolicy.aspx?policyid=5701&id=7858262563e847ff8c696a5498430f85,5701,2001-04-16,"2015-06-08, 2023-08-24",0.352,0.225,0.031
25,Monmouth,1660,Freehold Township School District,E,Elementary,3348,8,"Suburb, Large",3.0,False,False,True,,,,,0.30299999999999994,0.183,0.015
41,Warren,1670,Frelinghuysen Township School District,E,Elementary,113,1,"Rural, Distant",1.0,True,True,True,https://www.straussesmay.com/seportal/Public/DistrictPolicy.aspx?policyid=5701&id=9e09fb009e134b30acae32cbf26cd0e5,5701,2018-08-15,2025-03-12,0.17700000000000005,0.177,0.9
19,Hunterdon,1680,Frenchtown Borough School District,E,Elementary,98,1,"Rural, Distant",1.0,False,False,False,,,,,0.17299999999999993,0.316,0.040999999999999995
01,Atlantic,1690,Galloway Township Public School District,E,Elementary,3106,5,"Suburb, Large",3.0,True,True,True,https://go.boarddocs.com/nj/gtps/Board.nsf/Public#,2365,2026-01-12,,0.5960000000000001,0.55,0.045
03,Bergen,1700,Garfield Public School District,U,Unified,4532,11,"Suburb, Large",3.0,True,True,True,https://www.straussesmay.com/seportal/Public/DistrictPolicy.aspx?policyid=2365&id=4e3779a5718e46068e2280621741d99d,2365,2025-04-28,,0.652,0.607,0.105
39,Union,1710,Garwood Boro,E,Elementary,370,1,"Suburb, Large",3.0,True,True,True,https://drive.google.com/file/d/1Iz8JBUZ67tzFmeUcDLtAnJDDPFLnUJDb/view,2365,2025-03-18,,0.351,0.197,0.03
15,Gloucester,1715,Gateway Regional High School District,U,Unified,886,1,"Suburb, Large",3.0,False,False,True,,,,,0.379,0.417,0.6
07,Camden,1720,Gibbsboro Elementary School District,E,Elementary,291,1,"Suburb, Large",3.0,False,False,True,,,,,0.385,0.28800000000000003,0.0
15,Gloucester,1730,Glassboro School District,U,Unified,1931,4,"Suburb, Large",3.0,True,True,True,https://www.straussesmay.com/seportal/Public/DistrictPolicy.aspx?policyid=2365&id=c53fa2e000da48569866dcf904b45671,2365,2025-02-19,,0.7050000000000001,0.44800000000000006,0.06
13,Essex,1750,Glen Ridge Public School District,U,Unified,1722,5,"Suburb, Large",3.0,False,False,True,,,,,0.278,0.1,0.9
03,Bergen,1760,Glen Rock Public School District,U,Unified,2488,6,"Suburb, Large",3.0,True,True,True,https://www.straussesmay.com/seportal/Public/DistrictPolicy.aspx?policyid=2365&id=02bc91df7e2b440a90c444f013a0ab9d,2365,2024-09-23,2025-10-01,0.368,0.8,0.016
07,Camden,1770,Gloucester City Public School District,U,Unified,2373,3,"Suburb, Large",3.0,True,True,True,https://www.straussesmay.com/seportal/Public/DistrictPolicy.aspx?policyid=5701&id=fea2daadfd8442b284911bf146caaed5,5701,2013-08-14,2023-10-10,0.5129999999999999,0.6789999999999999,0.034
15,Gloucester,1774,Gloucester County Special Services School District,U,Unified,487,1,"Suburb, Large",3.0,True,True,True,https://www.straussesmay.com/seportal/Public/DistrictPolicy.aspx?policyid=2365&id=b325ced167ec477c880afc7d90ab2fa6,2365,2025-02-19,,0.509,0.20700000000000002,0.4
15,Gloucester,1775,Gloucester County Vocational-Technical School District,S,Secondary,1647,1,"Suburb, Large",3.0,True,True,True,https://www.straussesmay.com/seportal/Public/DistrictPolicy.aspx?policyid=2365&id=b325ced167ec477c880afc7d90ab2fa6,2365,2025-02-19,,0.265,0.188,0.0
07,Camden,1780,Gloucester Township Public Schools,E,Elementary,6496,11,"Suburb, Large",3.0,False,False,False,,,,,0.6,0.486,0.027999999999999997
41,Warren,1785,Great Meadows Regional School District,E,Elementary,712,2,"Rural, Fringe",1.0,True,True,False,https://4.files.edl.io/4d20/02/24/26/134743-7812b0b4-ae38-403a-88ed-a89fa8993430.pdf,2365,2026-02-24,,0.2509999999999999,0.20299999999999999,0.040999999999999995
01,Atlantic,1790,Greater Egg Harbor Regional High School District,S,Secondary,2931,3,"Rural, Fringe",1.0,True,True,True,https://www.straussesmay.com/seportal/Public/DistrictPolicy.aspx?policyid=2365&id=ad5f471039f745138fa4487d3cb9487e,2365,2024-10-14,2025-04-14,0.579,0.562,0.032
35,Somerset,1810,Green Brook Township Public School District,E,Elementary,708,2,"Suburb, Large",3.0,False,False,True,,,,,0.607,0.195,0.025
37,Sussex,1800,Green Township School District,E,Elementary,435,1,"Rural, Distant",1.0,True,True,True,https://www.straussesmay.com/seportal/Public/DistrictPolicy.aspx?policyid=2365&id=353f3c133b4a441f856fe309f82ff008,2365,2025-06-11,,0.21099999999999997,0.13999999999999999,0.021
11,Cumberland,1466,Greenwich Stow Creek Regional School District,E,Elementary,219,2,Rural (inferred),1.0,True,True,False,,6142,2025-06-01,,0.242,0.43900000000000006,0.0
15,Gloucester,1830,Greenwich Township School District,E,Elementary,399,2,"Suburb, Large",3.0,True,True,True,https://go.boarddocs.com/nj/stew/Board.nsf/Public?open&id=policies#,5701,2010-04-28,2025-02-26,0.33799999999999997,0.351,0.0
41,Warren,1840,Greenwich Township School District,E,Elementary,604,2,"Suburb, Large",3.0,False,False,True,,,,,0.386,0.22899999999999998,0.5
17,Hudson,1850,Guttenberg School District,E,Elementary,914,1,"Suburb, Large",3.0,False,False,False,,,,,0.92,0.74,0.264
03,Bergen,1860,Hackensack School District,U,Unified,5228,6,"Suburb, Large",3.0,True,True,True,https://www.straussesmay.com/seportal/Public/DistrictPolicy.aspx?policyid=5705&id=ea07fff11e43450fa62a93d74e9e231f,5705,2024-05-22,2024-07-01,0.9299999999999999,0.601,0.23199999999999998
41,Warren,1870,Hackettstown Public School District,U,Unified,1954,4,"Suburb, Large",3.0,True,True,True,https://www.straussesmay.com/seportal/Public/DistrictPolicy.aspx?policyid=5701&id=6db67738371f4dd0ae830e46bf1ad8b3,5701,2014-06-11,2025-03-12,0.499,0.349,0.127
07,Camden,1880,Haddon Heights School District,U,Unified,1405,4,"Suburb, Large",3.0,True,True,True,https://www.straussesmay.com/seportal/Public/DistrictPolicy.aspx?policyid=2365&id=79d45d4a18924e6981f5968318d7d103,2365,2026-03-24,,0.28700000000000003,0.20700000000000002,1.0
07,Camden,1890,Haddon Township School District,U,Unified,2103,7,"Suburb, Large",3.0,True,True,True,https://resources.finalsite.net/images/v1742928476/haddontwpschoolscom/hyldxfgdixcty5v3tfhe/5701.pdf,5701,2012-03-15,2025-03-19,0.19400000000000006,0.162,0.012
07,Camden,1900,Haddonfield School District,U,Unified,2709,5,"Suburb, Large",3.0,True,True,False,https://boe.haddonfieldschools.org/wp-content/uploads/2025/07/Policy-5701-Academic-Integrity.pdf,5701,2019-02-28,2025-05-15,0.137,0.12100000000000001,0.4
05,Burlington,1910,Hainesport Township School District,E,Elementary,552,1,"Suburb, Large",3.0,True,True,True,https://www.straussesmay.com/seportal/Public/DistrictPolicy.aspx?policyid=5701&id=429e8f31bf044e3580da555032446759,5701,2011-06-23,2025-02-18,0.31900000000000006,1,0.013000000000000001
31,Passaic,1920,Haledon Public School District,E,Elementary,956,1,"Suburb, Large",3.0,False,False,False,,,,,0.868,0.643,0.129
37,Sussex,1930,Hamburg School District,E,Elementary,253,1,"Town, Distant",2.0,False,False,True,,,,,0.32799999999999996,0.403,0.4
21,Mercer,1950,Hamilton Township Public School District,U,Unified,12112,23,"Suburb, Large",3.0,False,False,True,,,,,0.688,0.5680000000000001,0.106
01,Atlantic,1940,Hamilton Township School District,E,Elementary,2822,3,"Suburb, Large",3.0,False,False,True,,,,,0.662,0.5840000000000001,0.038
01,Atlantic,1960,Hammonton School District,U,Unified,3253,4,"Town, Fringe",2.0,True,True,True,https://www.straussesmay.com/seportal/Public/DistrictPolicy.aspx?policyid=2365&id=d36a073293bf4912a33cea552fe05421,2365,2025-07-10,2025-07-10,0.37,0.40800000000000003,0.102
19,Hunterdon,1970,Hampton Borough School District,E,Elementary,120,1,"Rural, Distant",1.0,False,False,True,,,,,0.23299999999999998,0.3,0.0
37,Sussex,1980,Hampton Township School District,E,Elementary,351,1,"Rural, Fringe",1.0,False,False,True,,,,,0.17099999999999993,0.182,0.031
27,Morris,1990,Hanover Park Regional High School District,S,Secondary,1218,2,"Suburb, Large",3.0,True,True,True,https://files-backend.assets.thrillshare.com/documents/asset/uploaded_file/2050/Hprhsd/d721d1e1-3ef3-43d6-9812-8c7493c1c302/2000_Program_Policy.pdf?disposition=inline#page=25.23,2365,2025-04-30,,0.28700000000000003,0.052000000000000005,0.022000000000000002
27,Morris,2000,Hanover Township School District,E,Elementary,1227,4,"Suburb, Large",3.0,True,True,True,https://www.straussesmay.com/seportal/Public/DistrictPolicy.aspx?policyid=5701&id=310ce6b7ddfe43338f7b16dada41d682,5701,2008-09-01,2025-08-01,0.381,0.305,0.033
27,Morris,2010,Harding Township School District,E,Elementary,297,1,"Rural, Fringe",1.0,True,True,True,https://www.straussesmay.com/seportal/Public/DistrictPolicy.aspx?policyid=5701&id=1b77730e0d574d26aaab3e1d59240e13,5701,2008-10-06,2025-11-10,0.16799999999999993,0.027000000000000003,0.0
37,Sussex,2030,Hardyston Township School District,E,Elementary,612,2,"Rural, Fringe",1.0,True,True,True,https://www.straussesmay.com/seportal/Public/DistrictPolicy.aspx?policyid=5701&id=468ac048ebcb40b096eec2f9920769a8,5701,2021-08-10,2025-03-11,0.31000000000000005,0.22400000000000003,0.027999999999999997
41,Warren,2040,Harmony Township School District,E,Elementary,191,1,"Rural, Fringe",1.0,False,False,True,,,,,0.09400000000000008,0.194,0.0
03,Bergen,2050,Harrington Park School District,E,Elementary,628,1,"Suburb, Large",3.0,True,False,True,https://www.straussesmay.com/seportal/Public/DistrictPolicy.aspx?policyid=5701&id=82b1e3185f2c4b8483ffc54b1fbead9e,5701,,2015-12-01,0.475,0,0.037000000000000005
17,Hudson,2060,Harrison Public Schools,U,Unified,2316,5,"Suburb, Large",3.0,False,False,False,,,,,0.918,0.7879999999999999,0.31
15,Gloucester,2070,Harrison Township School District,E,Elementary,1329,2,"Suburb, Large",3.0,False,False,False,,,,,0.20099999999999996,0.149,0.3
03,Bergen,2080,Hasbrouck Heights School District,U,Unified,1662,4,"Suburb, Large",3.0,True,True,True,https://www.straussesmay.com/seportal/Public/DistrictPolicy.aspx?policyid=5701&id=09ad56643d4f4415a1dbfac7f063f0d6,5701,2014-11-20,"2017-08-24, 2025-02-27",0.54,0.184,0.052000000000000005
03,Bergen,2090,Haworth Public School District,E,Elementary,519,1,"Suburb, Large",3.0,True,True,True,https://www.straussesmay.com/seportal/public/DistrictPolicy.aspx?policyid=2365&id=8559725d704e4730a49fc81a471d7589,2365,2024-10-30,2025-03-12,0.395,0,0.027000000000000003
31,Passaic,2100,Hawthorne Public School District,U,Unified,2109,5,"Suburb, Large",3.0,True,True,True,https://www.straussesmay.com/seportal/Public/DistrictPolicy.aspx?policyid=5701&id=32d0b2f13c3e436fb3d53bdafeda3c8c,5701,2010-08-10,2025-02-18,0.591,0.435,0.048
25,Monmouth,2105,Hazlet Township Public School District,U,Unified,2584,8,"Suburb, Large",3.0,True,True,True,https://www.straussesmay.com/seportal/Public/DistrictPolicy.aspx?policyid=2365&id=9fa79ab15ab14749a8a211e0cf51192a,2365,2025-10-27,,0.2440000000000001,0.21300000000000002,0.015
25,Monmouth,1456,Henry Hudson Regional School District,U,Unified,706,3,"Suburb, Large",3.0,True,True,True,https://www.straussesmay.com/seportal/Public/DistrictPolicy.aspx?policyid=2365&id=cfdbafaac5144d70b988e0699e59e7c4,2365,2025-03-19,,0.22699999999999998,0.27399999999999997,0.043
19,Hunterdon,2140,High Bridge Borough School District,E,Elementary,330,2,"Town, Fringe",2.0,True,True,True,https://www.straussesmay.com/seportal/Public/DistrictPolicy.aspx?policyid=5701&id=de1d7f9b7624495c8833fde672f70ac1,5701,2025-02-18,,0.29400000000000004,0.23099999999999998,0.024
37,Sussex,2165,High Point Regional High School District,S,Secondary,783,1,"Rural, Distant",1.0,True,True,True,https://www.hpregional.org/ourpages/auto/2025/12/18/13570995102369934094/policy2365.pdf,2365,2025-12-16,,0.18700000000000006,0.24600000000000002,0.4
23,Middlesex,2150,Highland Park Boro School District,U,Unified,1579,4,"Suburb, Large",3.0,True,True,True,https://www.straussesmay.com/seportal/Public/DistrictPolicy.aspx?policyid=2365&id=036100f752da4943b2ed0e3b0326564b,2365,2025-11-24,,0.6890000000000001,0.489,0.10099999999999999
35,Somerset,2170,Hillsborough Township Public School District,U,Unified,7022,9,"Suburb, Large",3.0,False,False,True,,,,,0.605,0.16899999999999998,0.036000000000000004
03,Bergen,2180,Hillsdale School District,E,Elementary,1107,3,"Suburb, Large",3.0,False,False,True,,,,,0.32499999999999996,0.089,0.023
39,Union,2190,Hillside Public School District,U,Unified,2867,7,"Suburb, Large",3.0,True,True,True,https://www.straussesmay.com/seportal/Public/DistrictPolicy.aspx?policyid=2365&id=6f5e3adeaed74f09948bc89e951518d4,2365,2025-10-30,,0.906,0.609,0.196
03,Bergen,2200,Ho-Ho-Kus School District,E,Elementary,580,1,"Suburb, Large",3.0,False,False,False,,,,,0.255,0,1.0
17,Hudson,2210,Hoboken Public School District,U,Unified,3803,5,"Suburb, Large",3.0,False,False,True,,,,,0.46099999999999997,0.253,1.0
19,Hunterdon,2220,Holland Township School District,E,Elementary,518,1,"Rural, Fringe",1.0,True,True,True,https://www.straussesmay.com/seportal/Public/DistrictPolicy.aspx?policyid=2365&id=076c46456c8d4dbd9769c6d7cd99dce3,2365,2025-02-18,,0.12,0.15100000000000002,0.2
25,Monmouth,2230,Holmdel Township School District,U,Unified,2796,4,"Suburb, Large",3.0,True,True,False,https://go.boarddocs.com/nj/holmdel/Board.nsf/Public?open&id=policies#,6175,2024-02-28,2025-09-24,0.33499999999999996,0.725,0.013999999999999999
37,Sussex,2240,Hopatcong Borough School District,U,Unified,1526,4,"Suburb, Large",3.0,True,True,True,https://www.straussesmay.com/seportal/Public/DistrictPolicy.aspx?policyid=2365&id=1c63af26bfb749f4a908bcceef12c99f,2365,2025-02-24,,0.509,0.317,0.052000000000000005
41,Warren,2250,Hope Township School District,E,Elementary,98,1,"Rural, Distant",1.0,False,False,True,,,,,0.19400000000000006,1,0.0
11,Cumberland,2270,Hopewell Township School District,E,Elementary,525,1,"Rural, Fringe",1.0,True,True,True,https://go.boarddocs.com/nj/hvrsd/Board.nsf/Public?open&id=policies#,2365,2025-03-17,,0.41900000000000004,0.442,0.05
21,Mercer,2280,Hopewell Valley Regional School District,U,Unified,3510,6,"Suburb, Large",3.0,True,True,True,https://go.boarddocs.com/nj/hvrsd/Board.nsf/Public?open&id=policies#,2365,2024-12-01,2025-03-17,0.357,0.072,0.018000000000000002
25,Monmouth,2290,Howell Township Public School District,E,Elementary,5909,12,"Suburb, Large",3.0,True,True,True,https://4.files.edl.io/9a51/06/19/25/113208-b8cb9365-448c-4d0e-973a-aa2c705fab13.pdf,5701,2025-04-09,,0.4079999999999999,0.312,0.085
17,Hudson,2295,Hudson County Schools Of Technology School District,U,Unified,2456,6,"City, Large",4.0,True,True,True,https://www.straussesmay.com/seportal/Public/DistrictPolicy.aspx?policyid=2365&id=0b0cd631281741b6bbe7328721d85ad0,2365,2025-09-25,,0.754,0.449,0.4
19,Hunterdon,2300,Hunterdon Central Regional High School District,S,Secondary,2083,1,"Town, Fringe",2.0,True,True,True,https://www.straussesmay.com/seportal/Public/DistrictPolicy.aspx?policyid=5701&id=dc2d9c31444d4080ad60331eb6ce8fcc,5701,1998-09-21,2025-05-19,0.3440000000000001,0.201,0.05
19,Hunterdon,2308,Hunterdon County Vocational School District,S,Secondary,648,3,"Town, Fringe",2.0,False,False,False,,,,,0.2709999999999999,0.09300000000000001,0.9
13,Essex,2330,Irvington Public School District,U,Unified,7874,12,"Suburb, Large",3.0,True,True,True,https://www.straussesmay.com/seportal/Public/DistrictPolicy.aspx?policyid=2365&id=2671184ff4524045835478269f891b62,2365,2025-01-15,,0.8,0.675,0.42100000000000004
29,Ocean,2350,Island Heights School District,E,Elementary,146,1,"Suburb, Large",3.0,False,False,True,,,,,0.137,0.013999999999999999,0.7
29,Ocean,2360,Jackson Township School District,U,Unified,6871,8,"Suburb, Large",3.0,True,True,True,https://www.straussesmay.com/seportal/Public/DistrictPolicy.aspx?policyid=2365&id=f7add3f01fd749a6b14be519dea90199,2365,2025-08-27,,0.514,0.49100000000000005,0.12
23,Middlesex,2370,Jamesburg Public School District,E,Elementary,665,2,"Suburb, Large",3.0,True,True,True,https://www.straussesmay.com/seportal/Public/DistrictPolicy.aspx?policyid=5701&id=9971e497a96b41b7944013b50d207977,5701,2025-02-27,,0.675,0.615,0.254
27,Morris,2380,Jefferson Township Public School District,U,Unified,2548,5,"Rural, Fringe",1.0,True,True,True,https://www.straussesmay.com/seportal/Public/DistrictPolicy.aspx?policyid=2365&id=55e3ccab64024ba7bd17865ea135505c,2365,2025-03-17,,0.2859999999999999,0.186,0.03
17,Hudson,2390,Jersey City Public Schools,U,Unified,25307,39,"City, Large",4.0,True,True,True,https://www.straussesmay.com/seportal/Public/DistrictPolicy.aspx?policyid=2365&id=9ff68126f23d4124834a3d7a65e7c556,2365,2025-05-22,,0.8200000000000001,0.539,0.157
25,Monmouth,2400,Keansburg School District,U,Unified,1387,4,"Suburb, Large",3.0,False,False,True,,,,,0.5900000000000001,0.7250000000000001,0.044000000000000004
17,Hudson,2410,Kearny,U,Unified,5385,7,"Suburb, Large",3.0,True,True,True,https://www.straussesmay.com/seportal/Public/DistrictPolicy.aspx?policyid=2365&id=cf4a4a8a0cc3451199cdfc70f087d4a2,2365,2025-07-21,,0.771,0.705,0.179
39,Union,2420,Kenilworth School District,U,Unified,1388,3,"Suburb, Large",3.0,False,False,False,,,,,0.516,0.33099999999999996,0.055999999999999994
25,Monmouth,2430,Keyport School District,U,Unified,948,2,"Suburb, Large",3.0,True,True,True,https://www.straussesmay.com/seportal/Public/DistrictPolicy.aspx?policyid=2365&id=dd356730e95f4f51a90ef8ad048c8758,2365,2024-12-01,2025-06-11,0.521,0.5469999999999999,0.139
15,Gloucester,2440,Kingsway Regional School District,U,Unified,2658,2,"Rural, Fringe",1.0,True,True,True,https://www.straussesmay.com/seportal/Public/DistrictPolicy.aspx?policyid=2365&id=f0cc945ef3894b8d9ad5f87d948ca425,2365,2025-06-26,,0.30900000000000005,0.22299999999999998,0.015
19,Hunterdon,2450,Kingwood Township School District,E,Elementary,345,1,"Rural, Distant",1.0,False,False,False,,,,,0.10400000000000009,0.157,0.0
27,Morris,2460,Kinnelon School District,U,Unified,1601,4,"Suburb, Large",3.0,True,True,True,https://www.straussesmay.com/seportal/Public/DistrictPolicy.aspx?policyid=2365&id=031bafa8d90a4e559df922813202e112,2365,2024-12-01,2025-06-10,0.2440000000000001,0.649,0.4
37,Sussex,2465,Kittatinny Regional School District,U,Unified,692,1,"Rural, Fringe",1.0,False,False,False,,,,,0.19099999999999995,0.11399999999999999,0.7
41,Warren,2470,Knowlton Township School District,E,Elementary,178,1,"Rural, Distant",1.0,False,False,False,,,,,0.15200000000000002,0.20199999999999999,0.0
29,Ocean,2480,Lacey Township School District,U,Unified,3742,6,"Suburb, Large",3.0,False,False,True,,,,,0.19499999999999995,0.323,0.013999999999999999
37,Sussex,2490,Lafayette Township School District,E,Elementary,235,1,"Rural, Fringe",1.0,False,False,False,,,,,0.238,0.11499999999999999,0.4
29,Ocean,2500,Lakehurst School District,E,Elementary,413,1,"Suburb, Large",3.0,True,True,True,https://www.straussesmay.com/seportal/Public/DistrictPolicy.aspx?policyid=2365&id=61238caa5b0c4033acface5a9cccb762,2365,2025-02-18,,0.547,0.673,0.057999999999999996
31,Passaic,2510,Lakeland Regional High School District,S,Secondary,774,1,"Suburb, Large",3.0,True,True,True,https://www.straussesmay.com/seportal/Public/DistrictPolicy.aspx?policyid=2364&id=a081fdf39ad94d3ca61241045301f247,2364,2024-10-29,,0.31299999999999994,0.187,0.016
29,Ocean,2520,Lakewood Township School District,U,Unified,3766,5,"City, Small",4.0,True,True,True,https://www.straussesmay.com/seportal/Public/DistrictPolicy.aspx?policyid=5701&id=69d917eec73348b88ae66af620e165e5,5701,2013-10-17,2025-02-19,0.9390000000000001,0.8979999999999999,0.449
07,Camden,2540,Laurel Springs School District,E,Elementary,197,1,"Suburb, Large",3.0,True,True,True,https://www.straussesmay.com/seportal/Public/DistrictPolicy.aspx?policyid=2365&id=2b8e806e0c5a466e81b843132c210a97,2365,2025-04-01,2025-07-01,0.45200000000000007,0.289,0.055999999999999994
29,Ocean,2550,Lavallette Borough School District,E,Elementary,140,1,"Suburb, Large",3.0,False,False,True,,,,,0.1359999999999999,0.178,0.0
07,Camden,2560,Lawnside School District,E,Elementary,332,1,"Suburb, Large",3.0,False,False,False,,,,,0.97,0.797,0.0
21,Mercer,2580,Lawrence Township Public School District,U,Unified,3758,7,"Suburb, Large",3.0,False,False,False,,,,,0.62,0.361,0.064
11,Cumberland,2570,Lawrence Township School District,E,Elementary,470,1,"Rural, Fringe",1.0,False,False,False,,,,,0.30000000000000004,0.376,0.036000000000000004
19,Hunterdon,2590,Lebanon Borough School District,E,Elementary,84,1,"Suburb, Large",3.0,True,True,True,https://www.straussesmay.com/seportal/Public/DistrictPolicy.aspx?policyid=5701&id=ea220181b7ff480098a34497093b2a79,5701,2014-09-01,2025-03-04,0.25,0.214,0.0
19,Hunterdon,2600,Lebanon Township School District,E,Elementary,528,2,"Rural, Fringe",1.0,False,False,True,,,,,0.15000000000000002,0.12100000000000001,0.015
05,Burlington,2610,Lenape Regional High School District,S,Secondary,6366,4,"Suburb, Large",3.0,False,False,False,,,,,0.32799999999999996,0.188,0.011000000000000001
37,Sussex,2615,Lenape Valley Regional High School District,S,Secondary,660,1,"Suburb, Large",3.0,True,True,True,https://www.straussesmay.com/seportal/Public/DistrictPolicy.aspx?policyid=2365&id=9e324b2f14c74bb6b74fb89957473e62,2365,2025-06-17,,0.363,0.237,0.027000000000000003
03,Bergen,2620,Leonia Public School District,U,Unified,1896,3,"Suburb, Large",3.0,True,True,True,https://www.straussesmay.com/seportal/Public/DistrictPolicy.aspx?policyid=2365&id=3eb0f946ced540888b4ada7568f7d038,2365,2024-09-17,,0.786,0.228,0.07
27,Morris,2650,Lincoln Park School District,E,Elementary,863,2,"Suburb, Large",3.0,True,True,True,https://www.straussesmay.com/seportal/Public/DistrictPolicy.aspx?policyid=5701&id=119775a2f85d474cafc811c9592e2c6a,5701,2020-12-15,2025-04-29,0.393,0.264,0.027000000000000003
39,Union,2660,Linden Public School District,U,Unified,6468,11,"Suburb, Large",3.0,True,True,True,https://www.straussesmay.com/seportal/Public/DistrictPolicy.aspx?policyid=2365&id=5b6aee7514964a8c9ff390499621a6ab,2365,2025-06-17,2025-06-30,0.881,0.696,0.214
07,Camden,2670,Lindenwold Public School District,U,Unified,3062,5,"Suburb, Large",3.0,True,True,True,https://www.straussesmay.com/seportal/Public/DistrictPolicy.aspx?policyid=2365&id=23cadb3425e2440b805faf169787d672,2365,2025-03-10,,0.943,0.764,0.309
01,Atlantic,2680,Linwood City School District,E,Elementary,842,2,"Suburb, Large",3.0,True,True,True,https://www.straussesmay.com/seportal/Public/DistrictPolicy.aspx?policyid=2365&id=233d0ce021e04ad5b18073d6bfc33516,2365,2025-02-26,2025-02-26,0.18400000000000005,0.109,0.013999999999999999
29,Ocean,2690,Little Egg Harbor Township School District,E,Elementary,1643,3,"Rural, Fringe",1.0,True,True,True,https://www.straussesmay.com/seportal/Public/DistrictPolicy.aspx?policyid=2365&id=aca34249443e4f57b5312b9962a8f8b2,2365,2025-04-29,,0.22299999999999998,0.516,0.048
31,Passaic,2700,Little Falls Township Public School District,E,Elementary,964,3,"Suburb, Large",3.0,True,True,True,https://www.straussesmay.com/seportal/Public/DistrictPolicy.aspx?policyid=2365&id=b5289242cd4542aa9de355d6b0cabbb3,2365,2025-04-29,,0.41900000000000004,0.264,0.044000000000000004
03,Bergen,2710,Little Ferry Public School District,E,Elementary,868,2,"Suburb, Large",3.0,True,True,True,https://www.straussesmay.com/seportal/Public/DistrictPolicy.aspx?policyid=5701&id=ac0ba57c153d4ecab3457b3f471fe54d,5701,2020-08-27,2025-05-15,0.75,0.44699999999999995,0.076
25,Monmouth,2720,Little Silver Boro School District,E,Elementary,695,2,"Suburb, Large",3.0,False,False,False,,,,,0.10099999999999998,0,0.0
13,Essex,2730,Livingston Board Of Education School District,U,Unified,6370,9,"Suburb, Large",3.0,True,True,True,https://www.straussesmay.com/seportal/Public/DistrictPolicy.aspx?policyid=2365&id=aefcefa205e64f8aaf513b6e1e338454,2365,2025-02-25,,0.616,0.41500000000000004,0.02
03,Bergen,2740,Lodi School District,U,Unified,3015,7,"Suburb, Large",3.0,True,True,True,https://www.straussesmay.com/seportal/Public/DistrictPolicy.aspx?policyid=2365&id=a90081736c3349c0a1550d41aa086ce6,2365,2026-03-30,,0.7889999999999999,0.6589999999999999,0.091
15,Gloucester,2750,Logan Township School District,E,Elementary,776,3,"Suburb, Large",3.0,False,False,True,,,,,0.2929999999999999,0.312,0.0
29,Ocean,2760,Long Beach Island School District,E,Elementary,180,1,"Suburb, Large",3.0,True,True,True,https://www.straussesmay.com/seportal/Public/DistrictPolicy.aspx?policyid=2365&id=32c838feaa2f45539975a6d37caaabfd,2365,2025-01-28,,0.14400000000000002,0.17200000000000001,0.011000000000000001
25,Monmouth,2770,Long Branch Public School District,U,Unified,4968,8,"Suburb, Large",3.0,True,True,True,https://www.straussesmay.com/seportal/Public/DistrictPolicy.aspx?policyid=5701&id=b50ce4ebbb5f451db593dc1acdca7f47,5701,2010-08-18,2025-05-21,0.81,0.819,0.228
27,Morris,4000,Long Hill Township School District,E,Elementary,874,3,"Suburb, Large",3.0,True,True,False,https://drive.google.com/file/d/1FFS1WpZrP_fkoA8tmbhuEuS73XgaAZoO/view,6142,2025-09-08,,0.28400000000000003,0.111,0.046
41,Warren,2790,Lopatcong Township School District,E,Elementary,765,2,"Rural, Fringe",1.0,True,True,True,https://www.straussesmay.com/seportal/Public/DistrictPolicy.aspx?policyid=2365&id=481cc57daf8a47e2a2179605e87da083,2365,2025-09-18,,0.484,1,0.026000000000000002
09,Cape May,2820,Lower Cape May Regional School District,U,Unified,1046,2,"Rural, Fringe",1.0,True,True,True,https://www.straussesmay.com/seportal/Public/DistrictPolicy.aspx?policyid=5701&id=a1180cab567947029fbbe63e8248e1e8,5701,2008-12-18,2025-05-28,0.238,0.489,0.032
09,Cape May,2840,Lower Township Elementary School District,E,Elementary,1350,4,"Suburb, Large",3.0,False,False,True,,,,,0.259,0.558,0.036000000000000004
05,Burlington,2850,Lumberton Township Board Of Education,E,Elementary,1176,3,"Suburb, Large",3.0,True,True,True,https://go.boarddocs.com/nj/lts/board.nsf/public#t,2365,2024-02-22,"2024-09-12, 2025-03-13",0.616,0.33899999999999997,0.054000000000000006
03,Bergen,2860,Lyndhurst Public School District,U,Unified,2588,7,"Suburb, Large",3.0,True,True,True,https://www.straussesmay.com/seportal/Public/DistrictPolicy.aspx?policyid=2365&id=8887028e089945b6b90bcdeb842ef24d,2365,2025-11-25,,0.5740000000000001,0.392,0.054000000000000006
27,Morris,2870,Madison Public School District,U,Unified,2320,5,"Suburb, Large",3.0,True,True,True,https://www.straussesmay.com/seportal/Public/DistrictPolicy.aspx?policyid=2365&id=39d37009100d45af9f800b5d5e000bee,2365,2025-05-13,,0.29200000000000004,0.11,0.033
07,Camden,2890,Magnolia School District,E,Elementary,426,1,"Suburb, Large",3.0,True,True,True,https://www.straussesmay.com/seportal/Public/DistrictPolicy.aspx?policyid=5701&id=713586c22f024648963adacf90d968d7,5701,2009-03-17,2025-02-18,0.5449999999999999,0.48900000000000005,0.021
03,Bergen,2900,Mahwah Township Public School District,U,Unified,2562,6,"Suburb, Large",3.0,True,True,True,https://www.straussesmay.com/seportal/Public/DistrictPolicy.aspx?policyid=5701&id=cc5d812c5fc9494c86dd638d4568ce5e,5701,1999-09-15,"2006-10-04, 2020-02-19, 2025-02-19",0.398,0.14100000000000001,0.026000000000000002
01,Atlantic,2910,Mainland Regional High School,S,Secondary,1119,1,"Suburb, Large",3.0,True,True,False,https://www.mainlandregional.net/apps/pages/index.jsp?uREC_ID=1345701&type=d&pREC_ID=1558877,6142,2025-02-24,2025-03-10,0.36,0.309,0.026000000000000002
25,Monmouth,2920,Manalapan-Englishtown Regional School District,E,Elementary,4559,8,"Suburb, Large",3.0,True,True,True,https://www.straussesmay.com/seportal/Public/DistrictPolicy.aspx?policyid=2365&id=b7fb9224d11a4a049241102af3e02dfe,2365,2024-12-17,,0.30799999999999994,0.16,0.023
25,Monmouth,2930,Manasquan School District,U,Unified,1302,2,"Suburb, Large",3.0,True,True,True,https://www.straussesmay.com/seportal/Public/DistrictPolicy.aspx?policyid=2365&id=c9c35a2b80be46f0a41fdb34e92454a3,2365,2025-08-19,,0.16700000000000004,0.154,0.019
29,Ocean,2940,Manchester Township School District,U,Unified,2751,6,"Suburb, Large",3.0,False,False,True,,,,,0.55,0.528,0.107
33,Salem,2950,Mannington Township School District,E,Elementary,174,1,"Rural, Fringe",1.0,False,False,False,,,,,0.22999999999999998,0.253,0.069
41,Warren,2970,Mansfield Township Elementary School District,E,Elementary,524,1,"Rural, Fringe",1.0,True,True,True,https://www.straussesmay.com/seportal/Public/DistrictPolicy.aspx?policyid=5701&id=8fbefe1594b74dd1bdf03b6dbf3ca1c7,5701,2019-06-10,2025-04-09,0.46599999999999997,0.399,0.09699999999999999
05,Burlington,2960,Mansfield Township School District,E,Elementary,551,2,"Rural, Fringe",1.0,True,True,True,https://www.straussesmay.com/seportal/Public/DistrictPolicy.aspx?policyid=5701&id=8fbefe1594b74dd1bdf03b6dbf3ca1c7,5701,2019-06-10,2025-04-09,0.32799999999999996,0.7929999999999999,0.022000000000000002
15,Gloucester,2990,Mantua Township School District,E,Elementary,1313,3,"Suburb, Large",3.0,True,True,True,https://www.straussesmay.com/seportal/Public/DistrictPolicy.aspx?policyid=2365&id=e9b211dd4a3a49d49cd0a46433aef6f1,2365,2025-09-08,,0.258,0.261,0.013000000000000001
35,Somerset,3000,Manville School District,U,Unified,1678,4,"Suburb, Large",3.0,False,False,True,,,,,0.7230000000000001,0.627,0.138
05,Burlington,3010,Maple Shade School District,U,Unified,2289,4,"Suburb, Large",3.0,True,True,True,https://www.straussesmay.com/seportal/Public/DistrictPolicy.aspx?policyid=2365&id=e9c13f79467b4239a4c7e58a7873c123,2365,2025-08-01,,0.557,0.5579999999999999,0.087
01,Atlantic,3020,Margate City School District,E,Elementary,329,2,"Suburb, Large",3.0,True,True,True,https://www.straussesmay.com/seportal/Public/DistrictPolicy.aspx?policyid=5701&id=07b8e12d6b544026a56ecee47aabfb42,5701,2025-03-05,2025-03-05,0.10299999999999998,0.388,0.012
21,Mercer,1431,Marie H. Katzenbach School For The Deaf,U,Unified,82,2,"Suburb, Large",3.0,True,True,False,https://www.nj.gov/education/mksd/about/pandp/docs/MKSD%20Student%20Handbook%20and%20Code%20of%20Conduct%202025-2026.docx.pdf,No Policy #,2025-09-19,,0.8049999999999999,0.244,0.085
25,Monmouth,3030,Marlboro Township School District,E,Elementary,4398,8,"Suburb, Large",3.0,True,True,True,https://www.straussesmay.com/seportal/Public/DistrictPolicy.aspx?policyid=2361&id=381521499991483693f72c2c1580dae6,2361,2014-05-01,2023-10-10,0.369,0.134,0.034
25,Monmouth,3040,Matawan-Aberdeen Regional School District,U,Unified,3888,7,"Suburb, Large",3.0,True,True,True,https://www.straussesmay.com/seportal/Public/DistrictPolicy.aspx?policyid=P%202365&id=78c1959a04d748eaa04445dc80646188,2365,2025-02-27,,0.44399999999999995,0.352,0.034
11,Cumberland,3050,Maurice River Township School District,E,Elementary,399,1,"Rural, Fringe",1.0,False,False,False,,,,,0.19799999999999995,0.497,0.0
03,Bergen,3060,Maywood School District,E,Elementary,939,2,"Suburb, Large",3.0,True,True,True,https://www.straussesmay.com/seportal/Public/DistrictPolicy.aspx?policyid=2365&id=2b9c34d76695454982a665490aaf0fe4,2365,2025-01-30,,0.712,0.249,0.045
05,Burlington,3070,Medford Lakes School District,E,Elementary,426,2,"Suburb, Large",3.0,False,False,False,,,,,0.04700000000000004,0.027999999999999997,0.2
05,Burlington,3080,Medford Township School District,E,Elementary,2983,7,"Suburb, Large",3.0,False,False,True,,,,,0.21400000000000008,0.098,0.021
27,Morris,3090,Mendham Borough School District,E,Elementary,488,2,"Suburb, Large",3.0,True,True,True,https://www.mendhamtwp.org/uploaded/Board_Policies/2000_Series_PROGRAM/2365_Acceptable_Use_of_Generative_Artificial_Intelligence_(AI).pdf,2365,2024-12-17,,0.19299999999999995,0.035,0.023
27,Morris,3100,Mendham Township School District,E,Elementary,836,2,"Suburb, Large",3.0,False,False,False,,,,,0.15599999999999992,0,0.0
21,Mercer,3103,Mercer County Special Services School District,U,Unified,442,3,"Suburb, Large",3.0,True,True,True,https://www.straussesmay.com/seportal/Public/DistrictPolicy.aspx?policyid=2365&id=2e812d4046924436afe4c0f9c21b1dc1,2365,2025-03-04,,0.878,0.402,0.023
07,Camden,3110,Merchantville School District,E,Elementary,391,1,"Suburb, Large",3.0,False,False,False,,,,,0.542,0.358,0.079
23,Middlesex,3120,Metuchen Public School District,U,Unified,2346,4,"Suburb, Large",3.0,True,True,True,https://www.straussesmay.com/seportal/Public/DistrictPolicy.aspx?policyid=2365&id=6a8a1efd7df0417c8d1421fbb1dab640,2365,2025-01-28,,0.569,0.10400000000000001,0.033
09,Cape May,3130,Middle Township Public School District,U,Unified,2514,4,"Suburb, Large",3.0,False,False,False,,,,,0.44700000000000006,0.5760000000000001,0.075
23,Middlesex,3140,Middlesex Borough School District,U,Unified,1974,6,"Suburb, Large",3.0,True,True,True,https://www.straussesmay.com/seportal/Public/DistrictPolicy.aspx?policyid=2365&id=f551b276ac0941f98217190718e62bcc,2365,2024-10-16,2025-03-19,0.629,0.44200000000000006,0.107
23,Middlesex,3150,Middlesex County Vocational And Technical School District,S,Secondary,2166,5,"Suburb, Large",3.0,True,True,True,https://www.straussesmay.com/seportal/Public/DistrictPolicy.aspx?policyid=2365&id=49d1970504e546c6a39f1a9af80b9156,2365,2025-06-25,,0.794,0.41200000000000003,0.5
25,Monmouth,3160,Middletown Township Public School District,U,Unified,8608,16,"Suburb, Large",3.0,False,False,False,,,,,0.18700000000000006,0.137,0.9
03,Bergen,3170,Midland Park School District,U,Unified,789,3,"Suburb, Large",3.0,False,False,True,,,,,0.29900000000000004,0.491,0.019
19,Hunterdon,3180,Milford Borough School District,E,Elementary,64,1,"Rural, Distant",1.0,False,False,False,,,,,0.18700000000000006,0.313,0.0
13,Essex,3190,Millburn Township School District,U,Unified,4416,8,"Suburb, Large",3.0,True,True,True,https://www.straussesmay.com/seportal/Public/DistrictPolicy.aspx?policyid=2365&id=a0c2ab1146554888818529663136babc,2365,11/12025,,0.667,0.316,0.021
25,Monmouth,3200,Millstone Township School District,E,Elementary,1128,3,"Rural, Fringe",1.0,True,True,True,https://www.straussesmay.com/seportal/Public/DistrictPolicy.aspx?policyid=2365&id=381b842d037046549a884e09507a6822,2365,2025-03-18,,0.238,1,0.013000000000000001
23,Middlesex,3220,Milltown School District,E,Elementary,749,2,"Suburb, Large",3.0,False,False,False,,,,,0.375,0.246,0.057
11,Cumberland,3230,Millville School District,U,Unified,4840,8,"Suburb, Small",3.0,True,True,False,https://go.boarddocs.com/pa/mlvlsd/Board.nsf/Public#,815,2025-08-11,,0.735,0.656,0.031
27,Morris,3240,Mine Hill Township School District,U,Unified,388,1,"Suburb, Large",3.0,False,False,True,,,,,0.704,0.426,0.113
25,Monmouth,3250,Monmouth Beach School District,E,Elementary,224,1,"Suburb, Large",3.0,True,True,True,https://www.straussesmay.com/seportal/Public/DistrictPolicy.aspx?policyid=5701&id=e1405bbd9fd44b319f29768364131a32,2365,2024-12-12,2025-03-18,0.09400000000000008,0,0.0
25,Monmouth,3260,Monmouth County Vocational School District,S,Secondary,2018,8,"Suburb, Large",3.0,True,True,True,https://www.straussesmay.com/seportal/Public/DistrictPolicy.aspx?policyid=2365&id=be5f2859df2147918149969f1f5a5ca5,2365,2025-03-18,,0.512,0.134,0.5
25,Monmouth,3270,Monmouth Regional High School,S,Secondary,848,1,"Suburb, Large",3.0,False,False,False,,,,,0.5509999999999999,0.31500000000000006,0.05
25,Monmouth,3255,Monmouth-Ocean Educational Services Commission School Distri,U,Unified,22,1,"Suburb, Large",3.0,True,True,True,https://www.straussesmay.com/seportal/Public/DistrictPolicy.aspx?policyid=5701&id=9eefc7a7df564424b7d5b26d435c5f19,5701,2013-09-18,2025-03-26,0.727,0.545,0.045
15,Gloucester,3280,Monroe Township Public School District,U,Unified,5590,6,"Suburb, Large",3.0,True,True,True,https://www.straussesmay.com/seportal/Public/DistrictPolicy.aspx?policyid=2365&id=fb5c7eaee1ab49e8b11a5a62eb50484b,2365,2025-03-17,,0.44999999999999996,0.389,0.02
23,Middlesex,3290,Monroe Township School District,U,Unified,6358,8,"Suburb, Large",3.0,True,True,True,https://www.straussesmay.com/seportal/Public/DistrictPolicy.aspx?policyid=2365&id=fb5c7eaee1ab49e8b11a5a62eb50484b,2365,2025-03-17,,0.6910000000000001,0.14600000000000002,0.027000000000000003
37,Sussex,3300,Montague Township School District,E,Elementary,349,1,"Rural, Fringe",1.0,False,False,False,,,,,0.3320000000000001,0.46499999999999997,0.0
13,Essex,3310,Montclair Public School District,U,Unified,6158,11,"Suburb, Large",3.0,False,False,True,,,,,0.486,0.154,0.026000000000000002
35,Somerset,3320,Montgomery Township School District,U,Unified,4277,5,"Rural, Fringe",1.0,False,False,True,,,,,0.7150000000000001,0.093,0.026000000000000002
03,Bergen,3330,Montvale Board Of Education School District,E,Elementary,980,2,"Suburb, Large",3.0,False,False,False,,,,,0.4570000000000001,0.661,0.039
27,Morris,3340,Montville Township School District,U,Unified,3474,7,"Suburb, Large",3.0,True,True,True,https://www.straussesmay.com/seportal/Public/DistrictPolicy.aspx?policyid=5701&id=f34af56915e34a96a2ae776e8b6b105a,5701,2005-02-15,2025-03-18,0.4570000000000001,0.016,0.033
03,Bergen,3350,Moonachie School District,E,Elementary,372,1,"Suburb, Large",3.0,False,False,False,,,,,0.6799999999999999,0.54,0.113
05,Burlington,3360,Moorestown Township Public School District,U,Unified,3827,6,"Suburb, Large",3.0,False,False,True,,,,,0.363,0.127,0.024
27,Morris,3365,Morris County Vocational School District,S,Secondary,1660,5,"Suburb, Large",3.0,True,True,True,https://resources.finalsite.net/images/v1720707751/mcvtsorg/tmzzpqarjra6i7hj2eak/51311_Academic_Integrity.pdf,5701,2005-10-11,2023-08-08,0.5449999999999999,0.1,0.9
27,Morris,3370,Morris Hills Regional School District,S,Secondary,2579,2,"Suburb, Large",3.0,False,False,True,,,,,0.505,0.234,0.047
27,Morris,3380,Morris Plains School District,E,Elementary,584,2,"Suburb, Large",3.0,False,False,False,,,,,0.34099999999999997,0.128,0.033
27,Morris,3385,Morris School District,U,Unified,5466,10,"Suburb, Large",3.0,True,True,True,https://www.straussesmay.com/seportal/Public/DistrictPolicy.aspx?policyid=2365&id=0f69f40ae9424118b3559d12f64150b8,2365,2025-03-10,,0.589,0.415,0.192
39,Union,3395,Morris-Union Jointure Commission School District,U,Unified,204,2,"Suburb, Large",3.0,False,False,True,,,,,0.725,0.226,0.5
27,Morris,3410,Mount Arlington Public School District,E,Elementary,362,2,"Suburb, Large",3.0,True,True,True,https://www.straussesmay.com/seportal/Public/DistrictPolicy.aspx?policyid=5701&id=b650f020533c4be6bf43b9585ca49192,5701,2013-11-18,2025-03-19,0.5549999999999999,0.249,0.061
05,Burlington,3430,Mount Holly Township Public School District,E,Elementary,1066,3,"Suburb, Large",3.0,True,True,True,https://www.straussesmay.com/seportal/Public/DistrictPolicy.aspx?policyid=5701&id=e21a566f2e2a49d9b0c75eeb08649c92,5701,2009-12-16,2025-02-19,0.728,0.589,0.031
05,Burlington,3440,Mount Laurel Township School District,E,Elementary,4676,8,"Suburb, Large",3.0,False,False,False,,,,,0.5549999999999999,0.175,0.027999999999999997
27,Morris,3450,Mount Olive Township School District,U,Unified,4634,6,"Suburb, Large",3.0,True,True,True,https://www.straussesmay.com/seportal/Public/DistrictPolicy.aspx?policyid=2365&id=d68aea10378c428b86774b2c49cb6bd0,2365,2025-02-01,,0.492,0.21499999999999997,0.049
27,Morris,3460,Mountain Lakes Public School District,U,Unified,1324,4,"Suburb, Large",3.0,False,False,True,,,,,0.3370000000000001,0.316,0.8
39,Union,3470,Mountainside School District,E,Elementary,762,2,"Suburb, Large",3.0,True,True,True,https://www.straussesmay.com/seportal/Public/DistrictPolicy.aspx?policyid=2365&id=0cfae1f80849484da7ea449214614dbb,2365,2026-01-20,,0.30599999999999994,0.133,0.5
07,Camden,3420,Mt. Ephraim School District,E,Elementary,415,2,"Suburb, Large",3.0,False,False,False,,,,,0.263,0.444,0.039
01,Atlantic,3480,Mullica Township School District,E,Elementary,628,2,"Rural, Fringe",1.0,False,False,False,,,,,0.3390000000000001,0.47,0.018000000000000002
15,Gloucester,3490,National Park Borough School District,E,Elementary,286,1,"Suburb, Large",3.0,True,True,False,https://drive.google.com/drive/folders/18gZSYWft_EtZBLHULsRD97UZZ3iV7T6K,5701,2025-05-01,,0.353,0.5599999999999999,0.027999999999999997
25,Monmouth,3500,Neptune City School District,E,Elementary,222,1,"Suburb, Large",3.0,False,False,True,,,,,0.7070000000000001,0.486,0.086
25,Monmouth,3510,Neptune Township School District,U,Unified,3259,7,"Suburb, Large",3.0,False,False,False,,,,,0.827,0.674,0.122
27,Morris,3520,Netcong School District,E,Elementary,321,1,"Suburb, Large",3.0,True,True,True,https://www.straussesmay.com/seportal/Public/DistrictPolicy.aspx?policyid=5701&id=0077dab9a8244d60af5ff5271afb9d62,5701,2005-10-18,2025-02-25,0.679,0.417,0.087
23,Middlesex,3530,New Brunswick School District,U,Unified,8269,13,"City, Small",4.0,True,True,True,https://www.straussesmay.com/seportal/Public/DistrictPolicy.aspx?policyid=2365&id=7286f1c73007451c9e06cc5042ad218f,2365,2026-01-20,,0.19999999999999996,0.838,0.40700000000000003
05,Burlington,3540,New Hanover Township,E,Elementary,219,1,"Town, Fringe",2.0,False,False,False,,,,,0.575,0.526,0.068
03,Bergen,3550,New Milford Public School District,U,Unified,1983,4,"Suburb, Large",3.0,True,True,True,https://www.straussesmay.com/seportal/public/DistrictPolicy.aspx?policyid=5701&id=80040426f5d04a4ab331bb03a865a828,5701,2009-12-15,2025-08-27,0.6120000000000001,0.23399999999999999,0.037000000000000005
39,Union,3560,New Providence School District,U,Unified,2236,4,"Suburb, Large",3.0,True,True,True,https://www.straussesmay.com/seportal/Public/DistrictPolicy.aspx?policyid=2626&id=cbe1b985a0a34fa882e5fb154c248855,2365,2024-08-26,,0.43799999999999994,0.021,0.021
13,Essex,3570,Newark Public School District,U,Unified,43216,65,"City, Large",4.0,True,True,False,https://go.boarddocs.com/oh/newark/Board.nsf/Public?open&id=policies#,7540,2025-01-07,,0.95,0.7749999999999999,0.275
37,Sussex,3590,Newton Public School District,U,Unified,1470,3,"Town, Fringe",2.0,True,True,True,https://www.straussesmay.com/seportal/Public/DistrictPolicy.aspx?policyid=2365&id=0c3c63249e924947a495d3abb63a87a4,2365,2025-02-25,,0.482,0.38999999999999996,0.065
03,Bergen,3600,North Arlington School District,U,Unified,2026,6,"Suburb, Large",3.0,True,True,True,https://www.straussesmay.com/seportal/Public/DistrictPolicy.aspx?policyid=5701&id=85f1898d82e842feb4e4a2276daffd73,5701,2008-10-01,2025-02-10,0.5860000000000001,0.395,0.08800000000000001
17,Hudson,3610,North Bergen School District,U,Unified,6858,8,"Suburb, Large",3.0,False,False,False,,,,,0.94,0.6990000000000001,0.221
23,Middlesex,3620,North Brunswick Township School District,U,Unified,5574,8,"Suburb, Large",3.0,True,True,True,https://www.straussesmay.com/seportal/Public/DistrictPolicy.aspx?policyid=2365&id=c509cd4ae62f4a41b74e54520baba5a4,2365,2025-04-30,,0.876,0.564,0.109
13,Essex,3630,North Caldwell School District,E,Elementary,693,2,"Suburb, Large",3.0,False,False,False,,,,,0.2829999999999999,0,0.0
31,Passaic,3640,North Haledon School District,U,Unified,594,2,"Suburb, Large",3.0,False,False,False,,,,,0.41600000000000004,0.241,0.081
05,Burlington,3650,North Hanover Township School District,E,Elementary,1426,3,"Rural, Fringe",1.0,False,False,True,,,,,0.46799999999999997,0.299,0.018000000000000002
19,Hunterdon,3660,North Hunterdon-Voorhees Regional High School District,U,Unified,1830,2,"Town, Fringe",2.0,False,False,False,,,,,0.17200000000000004,0.057,0.8
35,Somerset,3670,North Plainfield School District,U,Unified,3558,6,"Suburb, Large",3.0,False,False,True,,,,,0.938,0.729,0.318
41,Warren,3675,North Warren Regional,U,Unified,559,1,"Rural, Distant",1.0,False,False,True,,,,,0.22699999999999998,0.213,0.013000000000000001
09,Cape May,3680,North Wildwood School District,E,Elementary,157,1,"Suburb, Large",3.0,True,True,True,https://www.straussesmay.com/seportal/Public/DistrictPolicy.aspx?policyid=2365&id=c7b023f0eda74765b72296db3a2d52b4,2365,2024-09-23,,0.32499999999999996,0.535,0.025
05,Burlington,3690,Northern Burlington County Regional School District,U,Unified,2037,2,"Rural, Fringe",1.0,True,True,True,https://go.boarddocs.com/nj/nbcrsd/Board.nsf/Public#,2365,2025-04-14,,0.45200000000000007,0.14600000000000002,0.9
03,Bergen,3700,Northern Highlands Regional High School District,U,Unified,1228,1,"Suburb, Large",3.0,False,False,True,,,,,0.32900000000000007,1.0,0.3
03,Bergen,3710,Northern Valley Regional High School District,U,Unified,2264,3,"Suburb, Large",3.0,False,False,False,,,,,0.507,0.41400000000000003,0.021
01,Atlantic,3720,Northfield City School District,E,Elementary,930,2,"Suburb, Large",3.0,True,True,False,http://policies.ncs-nj.org/docs/6000s/6142-11-p-artificial-intelligence/,6142,2025-04-01,2025-04-01,0.31400000000000006,0.197,0.024
03,Bergen,3730,Northvale Public School District,E,Elementary,550,1,"Suburb, Large",3.0,False,False,False,,,,,0.604,0.026000000000000002,0.044000000000000004
03,Bergen,3740,Norwood Public School District,U,Unified,598,1,"Suburb, Large",3.0,True,True,True,https://www.straussesmay.com/seportal/Public/DistrictPolicy.aspx?policyid=2365&id=54555c02134b47efb9067999f78cf7ac,2365,2025-05-27,,0.5700000000000001,0.02,1.0
13,Essex,3750,Nutley Public School District,U,Unified,4298,8,"Suburb, Large",3.0,True,True,True,https://www.straussesmay.com/seportal/Public/DistrictPolicy.aspx?policyid=2365&id=9aba5513b6904817924ec6fabb92a479,2365,2025-08-25,,0.515,0.183,0.039
03,Bergen,3760,Oakland Public School District,E,Elementary,1271,5,"Suburb, Large",3.0,False,False,True,,,,,0.257,1,0.026000000000000002
07,Camden,3770,Oaklyn Public School District,E,Elementary,272,1,"Suburb, Large",3.0,True,True,True,https://files-backend.assets.thrillshare.com/documents/asset/uploaded_file/1530/Oaklyn/95bf0e96-111e-41ee-9b01-db5805f1e3cd/5701_Academic_Integrity.cleaned.pdf?disposition=inline,5701,2025-03-11,,0.2759999999999999,0.294,0.028999999999999998
09,Cape May,3780,Ocean City School District,U,Unified,1650,3,"Suburb, Large",3.0,True,True,True,https://www.straussesmay.com/seportal/Public/DistrictPolicy.aspx?policyid=5701&id=a3b424ea98384a5d944c09fad0660c58,5701,2009-11-01,2025-03-01,0.17599999999999993,0.201,0.027000000000000003
29,Ocean,3790,Ocean County Vocational Technical School District,S,Secondary,1448,7,"Suburb, Large",3.0,True,True,True,https://www.straussesmay.com/seportal/Public/DistrictPolicy.aspx?policyid=2365&id=31d0d063d98645878ffeac2d9fa237fc,2365,2025-10-15,,0.373,0.351,0.031
29,Ocean,3800,Ocean Gate School District,E,Elementary,147,1,"Suburb, Large",3.0,False,False,False,,,,,0.33299999999999996,0.551,0.0
29,Ocean,3820,Ocean Township School District,E,Elementary,570,2,"Suburb, Large",3.0,True,True,True,https://www.straussesmay.com/seportal/Public/DistrictPolicy.aspx?policyid=5701&id=2814ad084001471ca5f209f1e3e81e14,5701,2025-02-25,,0.2490000000000001,0.4,0.013999999999999999
25,Monmouth,3830,Oceanport School District,E,Elementary,612,2,"Suburb, Large",3.0,True,True,True,https://www.straussesmay.com/seportal/Public/DistrictPolicy.aspx?policyid=2365&id=626ee27c806a4c9db6695b33d7b024bc,2365,2025-03-19,,0.10499999999999998,0.112,0.021
37,Sussex,3840,Ogdensburg Borough School District,E,Elementary,304,1,"Town, Distant",2.0,False,False,True,,,,,0.2659999999999999,0.27299999999999996,0.0
23,Middlesex,3845,Old Bridge Township School District,U,Unified,8078,14,"Suburb, Large",3.0,False,False,True,,,,,0.475,0.295,0.040999999999999995
03,Bergen,3850,Old Tappan Public School District,E,Elementary,771,2,"Suburb, Large",3.0,True,True,True,https://www.straussesmay.com/seportal/Public/DistrictPolicy.aspx?policyid=2365&id=98abdb57192f47a18c7ac3665b283c98,2365,2025-04-07,2026-02-02,0.563,0,0.048
33,Salem,3860,Oldmans Township School District,E,Elementary,295,1,"Suburb, Large",3.0,False,False,False,,,,,0.2609999999999999,0.169,0.0
03,Bergen,3870,Oradell Public School District,E,Elementary,789,1,"Suburb, Large",3.0,False,False,False,,,,,0.46099999999999997,0,0.055999999999999994
13,Essex,3880,Orange Board Of Education School District,U,Unified,5670,12,"Suburb, Large",3.0,False,False,True,,,,,0.30000000000000004,0.7,0.27899999999999997
41,Warren,3890,Oxford Township School District,E,Elementary,248,1,"Rural, Fringe",1.0,False,False,False,,,,,0.21799999999999997,0.30600000000000005,0.0
03,Bergen,3910,Palisades Park School District,U,Unified,1691,3,"Suburb, Large",3.0,False,False,False,,,,,0.9299999999999999,0.792,0.331
05,Burlington,3920,Palmyra Public School District,U,Unified,905,4,"Suburb, Large",3.0,True,True,True,https://www.straussesmay.com/seportal/Public/DistrictPolicy.aspx?policyid=2365&id=18d613066fea4a4eb308b6196b590400,2365,2025-09-10,,0.49,0.48,0.05
03,Bergen,3930,Paramus Public School District,U,Unified,3430,8,"Suburb, Large",3.0,True,True,False,https://go.boarddocs.com/nj/paramus/Board.nsf/Public#,6142,2025-08-14,,0.579,0.174,0.045
03,Bergen,3940,Park Ridge School District,U,Unified,1128,3,"Suburb, Large",3.0,False,False,True,,,,,0.30200000000000005,0.47400000000000003,0.021
27,Morris,3950,Parsippany-Troy Hills Township School District,U,Unified,6978,14,"Suburb, Large",3.0,True,True,True,https://files-backend.assets.thrillshare.com/documents/asset/uploaded_file/3410/Pthsd/ce28aa09-2b57-4edc-9d02-97cd2a2667ad/Policy-2000-Program.pdf?disposition=inline,2365,2025-03-27,,0.7110000000000001,0.204,0.07400000000000001
03,Bergen,3960,Pascack Valley Regional High School District,U,Unified,1662,2,"Suburb, Large",3.0,True,True,True,https://www.straussesmay.com/seportal/Public/DistrictPolicy.aspx?policyid=2365&id=a09ff6423f494ec2aeb8c2f2cfb758c6,2365,2025-03-17,,0.346,1,0.012
31,Passaic,3970,Passaic City School District,U,Unified,11037,16,"Suburb, Large",3.0,True,True,False,https://files.passaicschools.org/governancemanual/njsba/6000/6142.11%20-%20AI.pdf,6142,2025-11-24,,0.989,0.9180000000000001,0.37
31,Passaic,3980,Passaic County Manchester Regional High School District,S,Secondary,799,1,"Suburb, Large",3.0,False,False,False,,,,,0.911,0.6300000000000001,0.149
31,Passaic,3995,Passaic County Technical-Vocational School District,S,Secondary,4773,2,"Suburb, Large",3.0,True,True,True,https://www.straussesmay.com/seportal/Public/DistrictPolicy.aspx?policyid=2365&id=14bb3e30538045879c59a445f4506d7d,2365,2024-11-26,2025-06-26,0.792,0.565,0.9
31,Passaic,3990,Passaic Valley Regional High School District,S,Secondary,1118,1,"Suburb, Large",3.0,True,True,True,https://www.straussesmay.com/seportal/Public/DistrictPolicy.aspx?policyid=2365&id=39da4953aa984907a1d0cb837006d1d8,2365,2025-11-17,,0.512,0.351,0.057
31,Passaic,4010,Paterson Public School District,U,Unified,21849,42,"Suburb, Large",3.0,True,True,True,https://resources.finalsite.net/images/v1761677179/patersonk12njus/a7ukuip3kbtztmwtxql6/2365_Acceptable_Use_of_Generative_Artificial_Intelligence_AI.pdf,2365,2025-06-11,,0.959,0.68,0.405
15,Gloucester,4020,Paulsboro School District,U,Unified,1199,4,"Suburb, Large",3.0,False,False,False,,,,,0.8049999999999999,0.7649999999999999,0.04
05,Burlington,4050,Pemberton Township School District,U,Unified,4145,9,"Rural, Fringe",1.0,True,True,True,https://www.straussesmay.com/seportal/Public/DistrictPolicy.aspx?policyid=2365&id=dbcfea39423746028f70325837bfa033,2365,2025-06-19,,0.554,0.486,0.037000000000000005
33,Salem,4070,Penns Grove-Carneys Point Regional School District,U,Unified,2196,5,"Suburb, Large",3.0,True,True,True,https://www.straussesmay.com/seportal/Public/DistrictPolicy.aspx?policyid=2365&id=f61837b6209d4727b7c6e5e75202b1e2,2365,2025-12-08,,0.864,0.7929999999999999,0.20600000000000002
07,Camden,4060,Pennsauken Township Board Of Education School District,U,Unified,4587,10,"Suburb, Large",3.0,True,True,True,https://www.straussesmay.com/seportal/Public/DistrictPolicy.aspx?policyid=2365&id=93e71e8e5c584a6da8ca4b965053759e,2365,2025-09-19,,0.9279999999999999,0.7649999999999999,0.122
33,Salem,4075,Pennsville School District,U,Unified,1821,5,"Suburb, Large",3.0,True,True,False,https://files-backend.assets.thrillshare.com/documents/asset/uploaded_file/2546/Psd/57f8713a-0a5f-4470-9c12-f2628aa136d0/6142.11__Artificial_Intelligence_Policy_and_Pr.pdf?disposition=inline,6142,2025-08-25,,0.3390000000000001,0.481,0.046
27,Morris,4080,Pequannock Township School District,U,Unified,2002,5,"Suburb, Large",3.0,True,True,True,https://resources.finalsite.net/images/v1756309471/pequannockorg/rovfzuaz0fuwarjp4xdf/2365AcceptableUseofGenerativeArtificialIntelligence.pdf,2365,2025-08-18,,0.18099999999999994,0.05,0.017
23,Middlesex,4090,Perth Amboy Public School District,U,Unified,9975,12,"Suburb, Large",3.0,True,True,True,https://www.straussesmay.com/seportal/Public/DistrictPolicy.aspx?policyid=2365&id=350315a8bc724468890cdb7e6cc07c6f,2365,2024-11-21,,0.989,0.7549999999999999,0.38299999999999995
41,Warren,4100,Phillipsburg School District,U,Unified,3844,5,"Suburb, Large",3.0,True,True,True,https://www.straussesmay.com/seportal/Public/DistrictPolicy.aspx?policyid=5701&id=20223e8f0c7c411baeff704e72125359,5701,2008-11-10,2025-02-24,0.5920000000000001,0.547,0.07
07,Camden,4110,Pine Hill School District,U,Unified,1969,4,"Suburb, Large",3.0,True,True,True,https://www.straussesmay.com/seportal/Public/DistrictPolicy.aspx?policyid=2365&id=4b1559aa562f40ef9faee0f470fe744e,2365,2025-09-09,,0.672,0.581,0.051
29,Ocean,4105,Pinelands Regional School District,U,Unified,1464,2,"Town, Fringe",2.0,True,True,True,https://straussesmay.com/seportal/Public/DistrictPolicy.aspx?policyid=5370&id=7fdeb483afbf4771bbbb9f05f3801322,5370,2024-07-15,,0.2240000000000001,0.524,0.016
23,Middlesex,4130,Piscataway Township School District,U,Unified,7279,11,"Suburb, Large",3.0,False,False,True,,,,,0.891,0.45300000000000007,0.095
15,Gloucester,4140,Pitman Boro School District,U,Unified,1100,3,"Suburb, Large",3.0,True,True,True,https://www.straussesmay.com/seportal/public/DistrictPolicy.aspx?policyid=2365&id=020dfc2ff84246f8b58903b6dfa0c3f4,2365,2025-04-30,,0.14700000000000002,0.194,0.018000000000000002
33,Salem,4150,Pittsgrove Township School District,U,Unified,1658,5,"Rural, Fringe",1.0,False,False,False,,,,,0.26,0.339,0.025
39,Union,4160,Plainfield Public School District,U,Unified,9525,16,"Suburb, Large",3.0,True,True,False,https://go.boarddocs.com/nj/plainfield/Board.nsf/Public#,6142,2025-02-25,,0.988,0.7590000000000001,0.436
01,Atlantic,4180,Pleasantville Public School District,U,Unified,3540,6,"Suburb, Large",3.0,False,False,True,,,,,0.983,0.762,0.252
29,Ocean,4190,Plumsted Township School District,U,Unified,1154,3,"Rural, Distant",1.0,True,True,True,https://www.straussesmay.com/seportal/Public/DistrictPolicy.aspx?policyid=2365&id=fdc62aca82fe4a22ba7b85e27998b2d7,2365,2025-09-10,,0.21099999999999997,0.23099999999999998,0.023
41,Warren,4200,Pohatcong Township School District,E,Elementary,336,1,"Rural, Fringe",1.0,False,False,False,,,,,0.363,0.313,0.9
29,Ocean,4220,Point Pleasant Beach School District,U,Unified,592,2,"Suburb, Large",3.0,False,False,True,,,,,0.20099999999999996,0.205,0.051
29,Ocean,4210,Point Pleasant Borough School District,U,Unified,2688,4,"Suburb, Large",3.0,True,True,True,https://www.straussesmay.com/seportal/Public/DistrictPolicy.aspx?policyid=2365&id=2ea6a076f1de46a696cd2d1faac23223,2365,2025-08-25,,0.11499999999999999,0.138,0.9
31,Passaic,4230,Pompton Lakes School District,U,Unified,1659,4,"Suburb, Large",3.0,False,False,True,,,,,0.397,0.313,0.033
01,Atlantic,4240,Port Republic School District,E,Elementary,107,1,"Suburb, Large",3.0,False,False,False,,,,,0.05599999999999994,0,0.0
21,Mercer,4255,Princeton Public School District,U,Unified,3683,6,"City, Small",4.0,True,True,True,https://www.straussesmay.com/seportal/Public/DistrictPolicy.aspx?policyid=2365&id=709acb364e9449a5a79b5b64a77d552d,2365,2024-09-24,,0.571,0.15000000000000002,0.11699999999999999
31,Passaic,4270,Prospect Park Public School District,E,Elementary,786,2,"Suburb, Large",3.0,False,False,True,,,,,0.935,0.5680000000000001,0.071
33,Salem,4280,Quinton Township School District,E,Elementary,277,1,"Rural, Fringe",1.0,False,False,False,,,,,0.42200000000000004,0.592,0.022000000000000002
39,Union,4290,Rahway Public School District,U,Unified,4086,6,"Suburb, Large",3.0,True,True,True,https://www.straussesmay.com/seportal/Public/DistrictPolicy.aspx?policyid=2365&id=67ba7130328c4582a2739493979a4c64,2365,2025-07-29,,0.883,0.673,0.12300000000000001
03,Bergen,4300,Ramapo Indian Hills Regional High School District,S,Secondary,1826,2,"Suburb, Large",3.0,False,False,True,,,,,0.20400000000000007,1,0.8
03,Bergen,4310,Ramsey School District,U,Unified,2260,5,"Suburb, Large",3.0,True,True,True,https://www.straussesmay.com/seportal/Public/DistrictPolicy.aspx?policyid=2365&id=63f5e8289bfe4083b62ddd21a70f969f,2365,2025-08-26,,0.252,0.09,0.035
05,Burlington,4320,Rancocas Valley Regional High School District,S,Secondary,1898,1,"Suburb, Large",3.0,True,True,True,https://www.straussesmay.com/seportal/Public/DistrictPolicy.aspx?policyid=2365&id=6f129021ba6f4673886c22bd36aa14a1,2365,2025-02-18,,0.62,0.342,0.017
27,Morris,4330,Randolph Township School District,U,Unified,4150,6,"Suburb, Large",3.0,True,True,True,https://www.straussesmay.com/seportal/Public/DistrictPolicy.aspx?policyid=5701&id=f294aed3e8804bec9f8dbd693dbd6eeb,5701,2025-05-05,,0.406,0.139,0.04
19,Hunterdon,4350,Readington Township School District,E,Elementary,1624,4,"Rural, Fringe",1.0,False,False,True,,,,,0.28900000000000003,0.16699999999999998,0.023
25,Monmouth,4360,Red Bank Borough Public School District,E,Elementary,1143,2,"Suburb, Large",3.0,True,True,True,https://www.straussesmay.com/seportal/Public/DistrictPolicy.aspx?policyid=2365&id=1ac8a5780e5d47c4b51beae8dfb8d423,2365,2025-03-18,,0.854,0.776,0.396
25,Monmouth,4365,Red Bank Regional School District,S,Secondary,1160,1,"Suburb, Large",3.0,True,True,True,https://www.straussesmay.com/seportal/Public/DistrictPolicy.aspx?policyid=5701&id=e86190b7a1a04239b30d589d73237a45,5701,2011-10-19,2025-06-11,0.54,0.439,0.067
03,Bergen,4380,Ridgefield Park Public School District,U,Unified,2022,4,"Suburb, Large",3.0,False,False,True,,,,,0.835,0.533,0.111
03,Bergen,4370,Ridgefield School District,U,Unified,1491,4,"Suburb, Large",3.0,True,True,True,https://www.straussesmay.com/seportal/Public/DistrictPolicy.aspx?policyid=2365&id=8908254307ca47d9bdbc4f232d094f8d,2365,2025-11-11,,0.746,0.48600000000000004,0.10099999999999999
03,Bergen,4390,Ridgewood Public School District,U,Unified,5372,10,"Suburb, Large",3.0,True,True,True,https://core-docs.s3.us-east-1.amazonaws.com/documents/asset/uploaded_file/4358/RPS/3667063/Policy_5701_Academic_Integrity.pdf,5701,2009-12-07,2025-06-23,0.41500000000000004,0.717,0.025
31,Passaic,4400,Ringwood School District,E,Elementary,965,4,"Rural, Fringe",1.0,True,True,True,https://www.straussesmay.com/seportal/Public/DistrictPolicy.aspx?policyid=2365&id=826c5b8cb77040eb95e7770314455af2,2365,2026-03-18,,0.27,0.14600000000000002,0.011000000000000001
03,Bergen,4405,River Dell Regional School District,U,Unified,1629,2,"Suburb, Large",3.0,True,True,True,https://www.straussesmay.com/seportal/Public/DistrictPolicy.aspx?policyid=2365&id=6f4381d1060747cc8ee8ab43be52dffb,2365,2025-04-08,,0.484,1,0.018000000000000002
03,Bergen,4410,River Edge School District,E,Elementary,1155,2,"Suburb, Large",3.0,False,False,True,,,,,0.6,1,0.063
03,Bergen,4430,River Vale Public School District,E,Elementary,1014,3,"Suburb, Large",3.0,True,True,True,https://www.straussesmay.com/seportal/Public/DistrictPolicy.aspx?policyid=5701&id=1e0e9e2045e2484c879090ddf1b2e772,5701,2012-09-01,2025-04-08,0.268,1.0,0.2
27,Morris,4440,Riverdale School District,E,Elementary,265,1,"Suburb, Large",3.0,True,True,True,https://www.straussesmay.com/seportal/Public/DistrictPolicy.aspx?policyid=2365&id=82f1b9622cd247ec9f454f7cd8d7bb2b,2365,2024-07-18,,0.389,0.249,0.06
05,Burlington,4450,Riverside Township School District,U,Unified,1553,3,"Suburb, Large",3.0,False,False,False,,,,,0.609,0.623,0.261
05,Burlington,4460,Riverton School District,E,Elementary,266,1,"Suburb, Large",3.0,True,True,True,https://www.straussesmay.com/seportal/Public/DistrictPolicy.aspx?policyid=5701&id=a362c6699f3f486c80d379109fe105fb,5701,2025-03-18,,0.21099999999999997,0.184,0.034
21,Mercer,5510,Robbinsville Public School District,U,Unified,3016,3,"Rural, Fringe",1.0,True,True,True,https://www.straussesmay.com/seportal/Public/DistrictPolicy.aspx?policyid=2365&id=24fdaf89c76f4d8489796f9cf49fc66e,2365,2025-08-26,,0.627,0.114,0.027000000000000003
03,Bergen,4470,Rochelle Park School District,E,Elementary,460,1,"Suburb, Large",3.0,True,True,True,https://www.straussesmay.com/seportal/Public/DistrictPolicy.aspx?policyid=5701&id=3ab1bee9c59449658549f224ba756565,5701,2007-04-02,2025-03-01,0.6539999999999999,0.326,0.048
27,Morris,4480,Rockaway Borough School District,E,Elementary,584,2,"Suburb, Large",3.0,False,False,False,,,,,0.521,0.315,0.084
27,Morris,4490,Rockaway Township School District,U,Unified,2470,6,"Suburb, Large",3.0,True,True,True,https://www.straussesmay.com/seportal/Public/DistrictPolicy.aspx?policyid=5701&id=f19fdb4722d748d08be21dd1dd7af1a6,5701,2013-01-23,2025-03-24,0.46599999999999997,0.216,0.042
25,Monmouth,4520,Roosevelt Borough Public School District,E,Elementary,85,1,"Rural, Fringe",1.0,False,False,False,,,,,0.353,0.17700000000000002,0.047
13,Essex,4530,Roseland School District,E,Elementary,411,1,"Suburb, Large",3.0,True,True,True,https://www.roselandnjboe.org/rose/Board%20of%20Education/Policies%20%26%20Procedures/Policies/5000%20Pupils/Policy%20No.%205701%20Academic%20Integrity.pdf?1772221487,5701,2025-05-29,,0.36,1,0.046
39,Union,4550,Roselle Park Public School District,U,Unified,1916,5,"Suburb, Large",3.0,False,False,True,,,,,0.744,0.502,0.11699999999999999
39,Union,4540,Roselle Public School District,U,Unified,3088,7,"Suburb, Large",3.0,False,False,False,,,,,0.97,0.558,0.17600000000000002
27,Morris,4560,Roxbury Township School District,U,Unified,3300,7,"Suburb, Large",3.0,False,False,True,,,,,0.41200000000000003,0.201,0.04
25,Monmouth,4570,Rumson Borough School District,E,Elementary,930,2,"Suburb, Large",3.0,True,True,True,https://www.rumsonschool.org/rumson/Board%20of%20Education/Board%20Policies-Regulations/Board%20Policies%20%26%20Regulations/P2000%20Bd%20Policies%20-%20Program%20Rumson%20Borough/2365%20-%20Use%20of%20Artificial%20Intelligence%20Systems%20and%20Tools.pdf?1760272514,2365,2025-02-26,,0.08200000000000007,0,0.0
25,Monmouth,4580,Rumson-Fair Haven Regional High School District,S,Secondary,772,1,"Suburb, Large",3.0,True,True,True,https://www.rumsonfairhaven.org/district/board-of-education/board-of-education-policy-information,5701,2010-05-18,2025-08-12,0.11699999999999999,0.6,0.0
07,Camden,4590,Runnemede Public School District,E,Elementary,828,3,"Suburb, Large",3.0,False,False,True,,,,,0.29799999999999993,0.425,0.034
03,Bergen,4600,Rutherford School District,U,Unified,2495,5,"Suburb, Large",3.0,False,False,True,,,,,0.507,0.059,0.027999999999999997
03,Bergen,4610,Saddle Brook School District,U,Unified,1766,5,"Suburb, Large",3.0,True,True,True,https://www.straussesmay.com/seportal/Public/DistrictPolicy.aspx?policyid=5701&id=2690471b0da34a46818e1c7d5e1d75d2,5701,2007-06-13,2025-02-12,0.489,0.293,0.045
03,Bergen,4620,Saddle River School District,E,Elementary,132,1,"Suburb, Large",3.0,False,False,False,,,,,0.42399999999999993,0,0.0
33,Salem,4630,Salem City School District,U,Unified,1134,3,"Town, Fringe",2.0,False,False,False,,,,,0.874,1,0.012
33,Salem,4635,Salem County Special Services School District,U,Unified,130,3,"Town, Fringe",2.0,True,True,True,https://www.straussesmay.com/seportal/PUBLIC/DistrictPolicy.aspx?policyid=5701&id=dd4068fe76b84f979449bd0339c3daec,5701,2011-12-20,2025-07-01,0.7310000000000001,1,0.8
33,Salem,4640,Salem County Vocational Technical School District,S,Secondary,781,1,"Rural, Distant",1.0,True,True,True,https://www.straussesmay.com/seportal/Public/DistrictPolicy.aspx?policyid=5701&id=dd4068fe76b84f979449bd0339c3daec,5701,2011-12-20,2025-07-01,0.267,0.247,0.0
37,Sussex,4650,Sandyston-Walpack Consolidated School District,E,Elementary,136,1,"Rural, Distant",1.0,False,False,False,,,,,0.22799999999999998,0.876,0.0
23,Middlesex,4660,Sayreville School District,U,Unified,6326,9,"Suburb, Large",3.0,True,True,True,https://www.straussesmay.com/seportal/Public/DistrictPolicy.aspx?policyid=5701&id=630bb98a708d47a2a17485469269193d,5701,2025-02-18,,0.636,0.426,0.079
27,Morris,0785,School District Of The Chathams,U,Unified,3550,6,"Suburb, Large",3.0,False,False,False,,,,,0.33299999999999996,0.719,0.015
39,Union,4670,Scotch Plains-Fanwood School District,U,Unified,5717,8,"Suburb, Large",3.0,False,False,True,,,,,0.402,1,0.017
25,Monmouth,4690,Sea Girt Borough School District,E,Elementary,132,1,"Suburb, Large",3.0,False,False,True,,,,,0.17400000000000004,0.8,0.0
29,Ocean,4710,Seaside Heights School District,E,Elementary,150,1,"Suburb, Large",3.0,True,True,True,https://www.straussesmay.com/seportal/Public/DistrictPolicy.aspx?policyid=2365&id=19a6d073d476482fa54ed36c8d8f74c6,2365,2026-01-06,,0.6930000000000001,0.8470000000000001,0.073
17,Hudson,4730,Secaucus School District,U,Unified,2064,4,"Suburb, Large",3.0,True,True,True,https://www.straussesmay.com/seportal/Public/DistrictPolicy.aspx?policyid=2365&id=70c74ebd1e804030b5dc2e91d82c7c3e,2365,2025-06-12,,0.771,0.381,0.065
05,Burlington,4740,Shamong Township School District,E,Elementary,638,2,"Rural, Fringe",1.0,False,False,True,,,,,0.121,0.129,0.011000000000000001
25,Monmouth,4760,Shore Regional High School District,S,Secondary,528,1,"Suburb, Large",3.0,True,True,True,https://www.straussesmay.com/seportal/Public/DistrictPolicy.aspx?policyid=2365&id=e9968b8cfcea41448fcebdc06e5abdb7,2365,2025-03-10,,0.19700000000000006,0.189,0.9
25,Monmouth,4770,Shrewsbury Borough School District,E,Elementary,464,1,"Suburb, Large",3.0,True,True,True,https://resources.finalsite.net/images/v1746710552/sbsk12njus/by1uwzi9lp8ht7hj0pea/AcceptableUseofGenerativeArtificialIntelligenceAIPlan.pdf,2365,2025-04-30,,0.125,0.6,0.4
07,Camden,4790,Somerdale School District,E,Elementary,435,1,"Suburb, Large",3.0,True,True,True,https://www.straussesmay.com/seportal/Public/DistrictPolicy.aspx?policyid=2365&id=952650e6b9ae40aabadc328a21f9e2f5,2365,2025-09-18,,0.625,0.59,0.037000000000000005
01,Atlantic,4800,Somers Point School District,E,Elementary,629,2,"Suburb, Large",3.0,False,False,True,,,,,0.652,0.6439999999999999,0.13
35,Somerset,4805,Somerset County Educational Services Commission School Distr,U,Unified,136,3,"Suburb, Large",3.0,False,False,False,,,,,0.824,0.47,0.059000000000000004
35,Somerset,4810,Somerset County Vocational And Technical School District,S,Secondary,578,1,"Suburb, Large",3.0,True,True,True,https://www.straussesmay.com/seportal/Public/DistrictPolicy.aspx?policyid=2365&id=c6232bbf83a64016bc2e81179a394e68,2365,2025-02-24,,0.587,0.20400000000000001,0.4
35,Somerset,4815,Somerset Hills Regional School District,U,Unified,1531,3,"Rural, Fringe",1.0,False,False,True,,,,,0.37,0.19599999999999998,0.08800000000000001
35,Somerset,4820,Somerville Public School District,U,Unified,2052,3,"Suburb, Large",3.0,True,True,True,https://www.straussesmay.com/seportal/Public/DistrictPolicy.aspx?policyid=2365&id=fca759ef5d2546d2bf43ad5d56e65f39,2365,2025-08-26,,0.546,0.36,0.067
03,Bergen,4845,South  Bergen Jointure Commission School District,U,Unified,285,3,"Suburb, Large",3.0,False,False,False,,,,,0.565,0.264,0.011000000000000001
23,Middlesex,4830,South Amboy School District,U,Unified,1167,2,"Suburb, Large",3.0,True,True,True,https://www.straussesmay.com/seportal/Public/DistrictPolicy.aspx?policyid=2365&id=6e5339eecaee4cb49f0be30cdf411f21,2365,2025-03-18,,0.6679999999999999,0.606,0.064
35,Somerset,4850,South Bound Brook Public School District,E,Elementary,452,1,"Suburb, Large",3.0,True,True,True,https://www.straussesmay.com/seportal/Public/DistrictPolicy.aspx?policyid=2365&id=ba9365688e6e4baaa1abc84c13a334d9,2365,2025-02-19,,0.777,0.511,0.135
23,Middlesex,4860,South Brunswick School District,U,Unified,7537,12,"Suburb, Large",3.0,True,True,True,https://www.straussesmay.com/seportal/Public/DistrictPolicy.aspx?policyid=2365&id=ad36498f24b04629b6f66ed0254166e0,2365,2024-09-26,,0.843,0.20400000000000001,0.048
03,Bergen,4870,South Hackensack School District,E,Elementary,229,1,"Suburb, Large",3.0,True,True,True,https://www.straussesmay.com/seportal/Public/DistrictPolicy.aspx?policyid=2365&id=80b22fc66be74892a226c2432a6b9742,2365,2025-01-14,,0.777,0.541,0.23600000000000002
15,Gloucester,4880,South Harrison Township School District,E,Elementary,335,1,"Rural, Fringe",1.0,False,False,True,,,,,0.125,0.16399999999999998,0.0
19,Hunterdon,1376,South Hunterdon Regional School District,U,Unified,746,3,"Rural, Fringe",1.0,False,False,False,,,,,0.384,0.31599999999999995,0.066
13,Essex,4900,South Orange-Maplewood School District,U,Unified,6865,10,"Suburb, Large",3.0,True,True,True,https://www.straussesmay.com/seportal/Public/DistrictPolicy.aspx?policyid=2365&id=ec383bd3811249869634a09869e432ef,2365,2025-07-24,,0.4570000000000001,0.152,0.022000000000000002
23,Middlesex,4910,South Plainfield School District,U,Unified,3740,9,"Suburb, Large",3.0,True,True,True,https://www.straussesmay.com/seportal/Public/DistrictPolicy.aspx?policyid=2365&id=6ee753316f7540a7930a238a3dcaee91,2365,2025-06-11,,0.6819999999999999,0.358,0.064
23,Middlesex,4920,South River Public School District,U,Unified,2447,5,"Suburb, Large",3.0,True,True,False,https://go.boarddocs.com/nj/sriver/Board.nsf/Public#,6142,1996-08-22,2025-06-16,0.599,0.642,0.237
05,Burlington,4930,Southampton Township School District,E,Elementary,736,3,"Rural, Fringe",1.0,True,True,True,https://www.straussesmay.com/seportal/Public/DistrictPolicy.aspx?policyid=2365&id=fa6d38dc307d4162b2b2056fe3a9f13a,2365,2025-02-27,,0.20499999999999996,0.261,0.02
29,Ocean,4950,Southern Regional School District,U,Unified,2634,2,"Suburb, Large",3.0,True,True,True,https://www.srsd.net/tech/Docs/2526/AI%20Plan.pdf,2365,2025-04-01,,0.17200000000000004,0.267,0.013000000000000001
37,Sussex,4960,Sparta Township Public School District,U,Unified,3216,5,"Rural, Fringe",1.0,False,False,True,,,,,0.243,0.102,0.013999999999999999
23,Middlesex,4970,Spotswood Public School District,U,Unified,1606,4,"Suburb, Large",3.0,False,False,True,,,,,0.382,0.296,0.054000000000000006
25,Monmouth,4980,Spring Lake Borough,E,Elementary,131,1,"Suburb, Large",3.0,False,False,True,,,,,0.052999999999999936,0.038,0.0
25,Monmouth,4990,Spring Lake Heights School District,E,Elementary,288,1,"Suburb, Large",3.0,True,True,True,https://drive.google.com/drive/folders/1dgduS0pq6-U6uhtRx6iOeqnvmyzp_NwU,5701,2012-02-27,2025-03-18,0.10400000000000009,1,0.3
39,Union,5000,Springfield Public School District,U,Unified,2182,5,"Suburb, Large",3.0,True,True,True,https://www.straussesmay.com/seportal/Public/DistrictPolicy.aspx?policyid=2365&id=b8a33a9f505e4998a6db3fb8e1de778b,2365,2025-08-25,,0.473,0.163,0.02
05,Burlington,5010,Springfield Township School District,E,Elementary,278,1,"Rural, Fringe",1.0,False,False,True,,,,,0.17599999999999993,0.815,0.4
29,Ocean,5020,Stafford Township School District,E,Elementary,2735,5,"Suburb, Large",3.0,True,True,True,https://resources.finalsite.net/images/v1741965914/staffordschoolsorg/cfgfe22vbymuy4r3lkc6/2365-AcceptableUseofGenerativeArtificialIntelligenceAI.pdf,2365,2025-03-13,,0.22699999999999998,0.265,0.048
37,Sussex,5030,Stanhope School District,E,Elementary,381,1,"Suburb, Large",3.0,True,True,True,https://www.straussesmay.com/seportal/Public/DistrictPolicy.aspx?policyid=2365&id=17bc4ab097a84515951159aa793f713a,2365,2026-01-21,,0.491,0.24900000000000003,0.047
07,Camden,5035,Sterling Regional School District,S,Secondary,826,1,"Suburb, Large",3.0,False,False,True,,,,,0.54,0.384,0.044000000000000004
37,Sussex,5040,Stillwater Township School District,E,Elementary,309,1,"Rural, Distant",1.0,False,False,False,,,,,0.12,0.158,0.6
09,Cape May,5060,Stone Harbor School District,E,Elementary,88,1,"Suburb, Large",3.0,False,False,False,,,,,0.1140000000000001,0,0.0
07,Camden,5080,Stratford School District,E,Elementary,849,2,"Suburb, Large",3.0,True,True,True,http://straussesmay.com/seportal/Public/DistrictPolicy.aspx?policyid=5701&id=4f4be2397d014316909ef07610277ca6,5701,2014-09-15,"2015-09-15, 2025-02-18",0.46099999999999997,0.321,0.10400000000000001
39,Union,5090,Summit Public School District,U,Unified,3964,9,"Suburb, Large",3.0,True,True,True,https://www.straussesmay.com/seportal/Public/DistrictPolicy.aspx?policyid=2365&id=dba5768ac0164fb49fb5accc8a413db8,2365,2025-03-20,,0.403,0.146,0.049
37,Sussex,5105,Sussex County Educational Services Commission,U,Unified,39,1,"Rural, Fringe",1.0,False,False,False,,,,,0.23099999999999998,0.23099999999999998,0.0
37,Sussex,5110,Sussex County Technical School District,S,Secondary,692,1,"Rural, Fringe",1.0,False,False,True,,,,,0.2290000000000001,0.212,0.0
37,Sussex,5100,Sussex-Wantage Regional School District,E,Elementary,1157,3,"Rural, Distant",1.0,False,False,True,,,,,0.19400000000000006,0.33599999999999997,0.016
15,Gloucester,5120,Swedesboro-Woolwich School District,E,Elementary,1589,4,"Suburb, Large",3.0,False,False,True,,,,,0.375,0.237,0.031
05,Burlington,5130,Tabernacle Township School District,E,Elementary,777,2,"Rural, Fringe",1.0,False,False,True,,,,,0.15300000000000002,0.131,0.9
03,Bergen,5150,Teaneck School District,U,Unified,3619,8,"Suburb, Large",3.0,False,False,True,,,,,0.892,0.489,0.046
03,Bergen,5160,Tenafly Public School District,U,Unified,3423,6,"Suburb, Large",3.0,True,True,True,https://www.straussesmay.com/seportal/Public/DistrictPolicy.aspx?policyid=2365&id=e03fca2e18044ca18df9e606635638f0,2365,2025-02-13,,0.487,0.72,0.1
19,Hunterdon,5180,Tewksbury Township School District,E,Elementary,467,2,"Rural, Fringe",1.0,True,True,True,https://www.straussesmay.com/seportal/Public/DistrictPolicy.aspx?policyid=2365&id=6b1130436b44412280bf163360571c65,2365,2025-03-12,,0.22499999999999998,0.040999999999999995,0.021
33,Salem,2800,The Lower Alloways Creek School District,E,Elementary,171,1,"Rural, Distant",1.0,False,False,False,,,,,0.08799999999999997,0.328,0.0
25,Monmouth,5185,Tinton Falls School District,E,Elementary,1384,3,"Suburb, Large",3.0,True,True,True,https://www.straussesmay.com/seportal/Public/DistrictPolicy.aspx?policyid=2365&id=bcc435bfaaad403282126eab59999473,2365,2024-12-01,2026-02-19,0.351,0.203,0.027000000000000003
29,Ocean,5190,Toms River Regional School District,U,Unified,13925,18,"Suburb, Large",3.0,True,True,True,https://www.trschools.com/administration/docs/2025/04/3UPLOAD.pdf,2365,2024-08-01,,0.43500000000000005,0.46499999999999997,0.071
31,Passaic,5200,Totowa Public School District,E,Elementary,877,2,"Suburb, Large",3.0,True,True,False,https://www.totowa.k12.nj.us/Policies/,5701,2025-02-01,,0.5229999999999999,0.334,0.019
15,Gloucester,1590,Township Of Franklin School District,E,Elementary,1289,3,"Rural, Fringe",1.0,True,True,True,https://www.straussesmay.com/seportal/Public/DistrictPolicy.aspx?policyid=2365&id=e1f94a96fa984f1f928312632744f0a8,2365,2025-04-28,,0.252,0.34099999999999997,0.011000000000000001
25,Monmouth,3810,Township Of Ocean School District,U,Unified,3137,5,"Suburb, Large",3.0,True,True,True,https://www.straussesmay.com/seportal/Public/DistrictPolicy.aspx?policyid=5701&id=2814ad084001471ca5f209f1e3e81e14,5701,2025-02-25,,0.42700000000000005,0.358,0.094
39,Union,5290,Township Of Union School District,U,Unified,7441,10,"Suburb, Large",3.0,True,True,True,https://www.straussesmay.com/seportal/Public/DistrictPolicy.aspx?policyid=2365&id=dbfe7ecfb2c74c6eb08517ca818cbe8f,2365,2025-05-20,,0.849,0.47200000000000003,0.067
21,Mercer,5210,Trenton Public School District,U,Unified,14380,25,"City, Small",4.0,True,True,True,https://www.straussesmay.com/seportal/Public/DistrictPolicy.aspx?policyid=2365&id=d869aa2e299245a8b02ad50437478be8,2365,2025-01-27,,0.09999999999999998,0.5940000000000001,0.40299999999999997
29,Ocean,5220,Tuckerton Borough School District,E,Elementary,305,1,"Town, Fringe",2.0,True,True,True,https://www.straussesmay.com/seportal/Public/DistrictPolicy.aspx?policyid=2365&id=fd678b85980d4d29840b4341d8eb5150,2365,2025-02-24,,0.2659999999999999,0.5439999999999999,0.03
25,Monmouth,5230,Union Beach Public School District,E,Elementary,629,1,"Suburb, Large",3.0,True,True,True,https://www.unionbeachschools.org/apps/pages/index.jsp?uREC_ID=1585727&type=d&pREC_ID=1712087,2365,2025-02-25,,0.28,0.38899999999999996,0.011000000000000001
17,Hudson,5240,Union City School District,U,Unified,12006,15,"Suburb, Large",3.0,False,False,False,,,,,0.973,0.8669999999999999,0.391
39,Union,5245,Union County Educational Services Commission,U,Unified,327,6,"Suburb, Large",3.0,True,True,True,https://www.straussesmay.com/seportal/Public/DistrictPolicy.aspx?policyid=2365&id=8fea333ef5154d55b630b3d384016d23,2365,2024-12-12,"2025-01-15, 2025-02-05",0.847,0.44299999999999995,0.021
39,Union,5260,Union County Vocational-Technical School District,S,Secondary,2059,9,"Suburb, Large",3.0,True,True,True,https://www.straussesmay.com/seportal/Public/DistrictPolicy.aspx?policyid=2365&id=bd6071a98b5c41b5a23bdf3ca6a069ff,2365,2025-09-22,,0.688,0.22199999999999998,0.6
19,Hunterdon,5270,Union Township School District,E,Elementary,505,2,"Rural, Fringe",1.0,True,True,True,https://www.straussesmay.com/seportal/Public/DistrictPolicy.aspx?policyid=2365&id=e12fa369c27443fda1727d25ac6453cd,2365,2025-03-18,,0.30500000000000005,0.47900000000000004,0.03
11,Cumberland,5300,Upper Deerfield Township School District,E,Elementary,935,3,"Rural, Fringe",1.0,False,False,False,,,,,0.651,0.597,0.073
25,Monmouth,5310,Upper Freehold Regional School District,U,Unified,1998,3,"Suburb, Large",3.0,True,True,True,https://www.straussesmay.com/seportal/Public/DistrictPolicy.aspx?policyid=2365&id=a06e218e158c42a8b77db953099409cd,2365,2025-02-24,,0.20200000000000007,0.10099999999999999,0.015
33,Salem,5320,Upper Pittsgrove Twp School District,E,Elementary,359,1,"Rural, Fringe",1.0,False,False,False,,,,,0.14200000000000002,0.24,0.0
03,Bergen,5330,Upper Saddle River School District,U,Unified,1169,3,"Suburb, Large",3.0,False,False,True,,,,,0.401,0.2,0.018000000000000002
09,Cape May,5340,Upper Township School District,E,Elementary,1374,3,"Suburb, Large",3.0,True,True,True,https://www.straussesmay.com/seportal/public/DistrictPolicy.aspx?policyid=2365&id=c587f5197d86451abc2d1f82282954c7,2365,2025-03-18,,0.10599999999999998,0.18,0.015
01,Atlantic,5350,Ventnor City School District,E,Elementary,481,2,"Suburb, Large",3.0,False,False,False,,,,,0.472,0.499,0.04
37,Sussex,5360,Vernon Township School District,U,Unified,3051,6,"Rural, Fringe",1.0,True,True,True,https://www.straussesmay.com/seportal/Public/DistrictPolicy.aspx?policyid=2365&id=793dd52c4b724ce1a5e58162e55c18e1,2365,2025-09-18,,0.273,0.281,0.017
13,Essex,5370,Verona Public School District,U,Unified,2142,6,"Suburb, Large",3.0,True,True,True,https://www.straussesmay.com/seportal/Public/DistrictPolicy.aspx?policyid=5702&id=4670345f2a6d4820b8155a1bbf54948b,5702,2023-08-29,,0.20799999999999996,1.0,0.019
11,Cumberland,5390,Vineland Public School District,U,Unified,9831,14,"City, Small",4.0,False,False,True,,,,,0.825,0.603,0.163
07,Camden,5400,Voorhees Township School District,E,Elementary,3096,5,"Suburb, Large",3.0,True,True,True,https://www.straussesmay.com/seportal/Public/DistrictPolicy.aspx?policyid=2365&id=61b990650928490592c6d16b009edc3f,2365,2025-03-12,,0.488,0.184,0.043
03,Bergen,5410,Waldwick School District,U,Unified,1528,4,"Suburb, Large",3.0,False,False,True,,,,,0.31700000000000006,0,0.017
25,Monmouth,5420,Wall Township Public School District,U,Unified,3128,7,"Suburb, Large",3.0,True,True,True,https://www.straussesmay.com/seportal/Public/DistrictRegulation.aspx?RegulationID=2365&id=c225768111b1489aa024ba0abfc4a200,2365,2025-06-10,,0.16099999999999992,0.11499999999999999,0.023
03,Bergen,5430,Wallington Boro School District,U,Unified,1159,3,"Suburb, Large",3.0,True,True,True,https://www.straussesmay.com/seportal/Public/DistrictPolicy.aspx?policyid=2365&id=d3763139d4e946c983f46306cdeee068,2365,2025-01-27,,0.45100000000000007,0.521,0.10099999999999999
37,Sussex,5435,Wallkill Valley Regional High School,S,Secondary,570,1,"Rural, Fringe",1.0,True,True,True,https://www.straussesmay.com/seportal/Public/DistrictPolicy.aspx?policyid=2365&id=20353cd81b00456a952ec4508289631e,2365,2025-08-26,,0.30500000000000005,0.261,0.013999999999999999
31,Passaic,5440,Wanaque School District,U,Unified,873,2,"Suburb, Large",3.0,True,True,True,https://www.straussesmay.com/seportal/Public/DistrictPolicy.aspx?policyid=5701&id=0aef9fe9284c461ea5a0610d3e853649,5701,2008-07-22,2025-09-23,0.43899999999999995,0.351,0.068
41,Warren,5460,Warren County Vocational Technical School,S,Secondary,396,1,"Rural, Fringe",1.0,True,True,True,https://www.straussesmay.com/seportal/Public/DistrictPolicy.aspx?policyid=2365&id=b17f9bf0a9ae4fbdab3d380f8e5ef81e,2365,2025-10-15,,0.33599999999999997,0.31800000000000006,0.5
41,Warren,5465,Warren Hills Regional School District,U,Unified,1524,2,"Town, Fringe",2.0,False,False,True,,,,,0.403,0.299,0.033
35,Somerset,5470,Warren Township School District,E,Elementary,1701,5,"Suburb, Large",3.0,True,True,True,https://www.straussesmay.com/seportal/Public/DistrictPolicy.aspx?policyid=5701&id=153ba97a5add4f11a391ba9bd9cda815,5701,2018-06-01,2025-02-24,0.49,0.123,0.040999999999999995
41,Warren,5480,Washington Boro School District,E,Elementary,542,2,"Town, Fringe",2.0,True,True,True,https://www.straussesmay.com/seportal/Public/DistrictPolicy.aspx?policyid=2365&id=cabff08c54324d6e964e9445206758b2,2365,2025-09-22,,0.52,0.47100000000000003,0.079
41,Warren,5530,Washington Township School District,E,Elementary,444,2,"Town, Fringe",2.0,True,True,True,https://files-backend.assets.thrillshare.com/documents/asset/uploaded_file/2863/Wts/c7c7d639-3359-4fb8-81a1-f4203fee5934/Policy-2365-12.9.25.pdf?disposition=inline,2365,2025-12-09,,0.257,0.2,0.9
15,Gloucester,5500,Washington Township School District,U,Unified,7386,12,"Suburb, Large",3.0,True,True,True,https://www.straussesmay.com/seportal/Public/DistrictPolicy.aspx?policyid=2626&id=cce1f21185f549228c085a388e4f428f,2626,2025-06-24,,0.30700000000000005,0.272,0.012
27,Morris,5520,Washington Township School District,E,Elementary,2063,4,"Rural, Fringe",1.0,True,True,True,https://www.straussesmay.com/seportal/Public/DistrictPolicy.aspx?policyid=2626&id=cce1f21185f549228c085a388e4f428f,2626,2025-06-24,,0.2340000000000001,0.6869999999999999,0.026000000000000002
35,Somerset,5540,Watchung Borough School District,E,Elementary,633,2,"Suburb, Large",3.0,False,False,True,,,,,0.49,0,0.039
35,Somerset,5550,Watchung Hills Regional High School District,S,Secondary,1623,1,"Suburb, Large",3.0,False,False,True,,,,,0.483,0.05,0.013999999999999999
07,Camden,5560,Waterford Township School District,E,Elementary,936,3,"Suburb, Large",3.0,True,True,True,https://www.straussesmay.com/seportal/Public/DistrictPolicy.aspx?policyid=2365&id=1844bfa223e7438eb29819f74aec7621,2365,2025-08-20,,0.2490000000000001,0.36,0.013999999999999999
31,Passaic,5570,Wayne Township Public School District,U,Unified,7527,15,"Suburb, Large",3.0,True,True,True,,2365,2025-05-15,,0.34099999999999997,0.122,0.049
17,Hudson,5580,Weehawken Public School District,U,Unified,1323,3,"Suburb, Large",3.0,False,False,True,,,,,0.577,0.511,0.099
15,Gloucester,5590,Wenonah  Boro School District,E,Elementary,144,1,"Suburb, Large",3.0,True,True,True,https://www.straussesmay.com/seportal/Public/DistrictPolicy.aspx?policyid=5701&id=617c6573d4c94b9e98d12b9b01923a4f,5701,2009-07-28,2025-02-25,0.1459999999999999,0.021,0.0
09,Cape May,5610,West Cape May School District,E,Elementary,73,1,"Suburb, Large",3.0,False,False,False,,,,,0.30099999999999993,0.343,0.17800000000000002
15,Gloucester,5620,West Deptford Township School District,U,Unified,2842,6,"Suburb, Large",3.0,True,True,True,https://www.straussesmay.com/seportal/Public/DistrictPolicy.aspx?policyid=2365&id=bd9df2c3f14642868030db8473afad86,2365,2025-05-14,,0.345,0.375,0.017
13,Essex,5630,West Essex Regional School District,U,Unified,1654,2,"Suburb, Large",3.0,False,False,False,,,,,0.2290000000000001,0.044000000000000004,1.0
25,Monmouth,5640,West Long Branch School District,E,Elementary,570,2,"Suburb, Large",3.0,True,True,True,https://www.straussesmay.com/seportal/Public/DistrictPolicy.aspx?policyid=5701&id=c0ca7e9c971a4830920ca21592517b0a,2365,2025-02-25,2025-09-30,0.30700000000000005,0.278,0.09300000000000001
31,Passaic,5650,West Milford Township Public School District,U,Unified,2887,7,"Rural, Fringe",1.0,True,True,True,https://www.straussesmay.com/seportal/Public/DistrictPolicy.aspx?policyid=2365&id=22dfa8ff3ef5457db31c22f97cf7dc4f,2365,2025-04-29,,0.2440000000000001,0.246,0.012
27,Morris,5660,West Morris Regional High School District,S,Secondary,1897,2,"Rural, Fringe",1.0,True,True,True,https://www.straussesmay.com/seportal/Public/DistrictPolicy.aspx?policyid=5701&id=eab6fe9f73a74abab0c7f85470f32c77,5701,2025-01-06,,0.27,0.011000000000000001,0.6
17,Hudson,5670,West New York School District,U,Unified,7393,9,"Suburb, Large",3.0,False,False,True,,,,,0.968,0.821,0.213
13,Essex,5680,West Orange Public Schools,U,Unified,6959,13,"Suburb, Large",3.0,True,True,True,https://www.straussesmay.com/seportal/Public/DistrictPolicy.aspx?policyid=2365&id=a7a97fcf66544e448096629d390f899a,2365,2026-02-02,,0.8160000000000001,0.422,0.08
21,Mercer,5715,West Windsor-Plainsboro Regional School District,U,Unified,8708,10,"Suburb, Large",3.0,False,False,True,,,,,0.882,0.10799999999999998,0.057
05,Burlington,5720,Westampton Township Public School District,E,Elementary,1030,2,"Suburb, Large",3.0,True,True,True,https://www.straussesmay.com/seportal/Public/DistrictPolicy.aspx?policyid=2365&id=7e0fa01883024c27a0dc0fb3fbce4939,2365,2026-01-05,,0.72,0.39,0.017
39,Union,5730,Westfield Public School District,U,Unified,5824,10,"Suburb, Large",3.0,True,True,True,https://issuu.com/westfieldsuperintendent/docs/acceptable_use_of_generative_ai_booklet.final?fr=sNzg2ZDY0MDkyNDE,2365,2024-10-15,,0.2759999999999999,0.41100000000000003,0.017
15,Gloucester,5740,Westville Boro Public School District,E,Elementary,356,1,"Suburb, Large",3.0,False,False,False,,,,,0.537,0.5920000000000001,0.022000000000000002
03,Bergen,5755,Westwood Regional School District,U,Unified,2732,6,"Suburb, Large",3.0,True,True,True,https://www.straussesmay.com/seportal/Public/DistrictPolicy.aspx?policyid=2365&id=1adf602a0a60413eae9bf1723bc107b9,2365,2024-10-17,2025-04-24,0.32499999999999996,0.128,0.02
01,Atlantic,5760,Weymouth Township School District,E,Elementary,177,1,"Rural, Fringe",1.0,False,False,False,,,,,0.277,0.56,0.0
27,Morris,5770,Wharton Borough School District,E,Elementary,777,2,"Suburb, Large",3.0,True,True,True,https://www.straussesmay.com/seportal/public/DistrictPolicy.aspx?policyid=2365&id=e1d6d5f7a9c142a89300b03956765c33,2365,2025-02-27,,0.821,0.488,0.266
41,Warren,5780,White Township Consolidated School District,U,Unified,320,1,"Rural, Distant",1.0,False,False,True,,,,,0.16900000000000004,0.22799999999999998,0.016
09,Cape May,5790,Wildwood City School District,U,Unified,757,3,"Suburb, Large",3.0,False,False,True,,,,,0.779,0.8310000000000001,0.259
09,Cape May,5800,Wildwood Crest Borough School District,E,Elementary,187,1,"Suburb, Large",3.0,False,False,True,,,,,0.246,0.39,0.032
05,Burlington,5805,Willingboro Public School District,U,Unified,3687,8,"Suburb, Large",3.0,False,False,True,,,,,0.969,0.631,0.044000000000000004
39,Union,5810,Winfield Township,E,Elementary,145,1,"Suburb, Large",3.0,False,False,False,,,,,0.42100000000000004,0.324,0.0
07,Camden,5820,Winslow Township School District,U,Unified,4791,9,"Suburb, Large",3.0,True,True,True,https://www.winslow-schools.com/ourpages/auto/2015/3/1/58669388/Policy%205701%20Academic%20Integrity%20April%202025.pdf?rnd=1744728799818,5701,2010-03-17,2025-04-09,0.841,0.6240000000000001,0.053
03,Bergen,5830,Wood-Ridge School District,U,Unified,1358,3,"Suburb, Large",3.0,True,True,True,https://www.straussesmay.com/seportal/Public/DistrictPolicy.aspx?policyid=5701&id=0ac6f5fc67d24f2a95d266e402b48d6b,5701,2001-11-01,2025-02-01,0.55,0.234,0.043
09,Cape May,5840,Woodbine School District,E,Elementary,247,1,"Rural, Fringe",1.0,False,False,False,,,,,0.737,0.717,0.09699999999999999
23,Middlesex,5850,Woodbridge Township School District,U,Unified,13425,24,"Suburb, Large",3.0,False,False,False,,,,,0.756,0.47300000000000003,0.09699999999999999
15,Gloucester,5860,Woodbury City Public School District,U,Unified,1668,4,"Suburb, Large",3.0,False,False,False,,,,,0.822,0.7010000000000001,0.081
15,Gloucester,5870,Woodbury Heights Public School District,E,Elementary,238,1,"Suburb, Large",3.0,False,False,False,,,,,0.248,0.20600000000000002,0.8
03,Bergen,5880,Woodcliff Lake School District,E,Elementary,717,2,"Suburb, Large",3.0,False,False,True,,,,,0.25,0.015,0.024
31,Passaic,5690,Woodland Park School District,E,Elementary,1227,4,"Suburb, Large",3.0,True,True,True,https://www.straussesmay.com/seportal/Public/DistrictPolicy.aspx?policyid=5701&id=a520c1ffd0344ee6a379bd48d5af73fa,5701,2003-04-08,2025-02-10,0.5740000000000001,0.497,0.06
05,Burlington,5890,Woodland Township School District,E,Elementary,87,1,"Rural, Distant",1.0,True,True,True,http://straussesmay.com/seportal/Public/DistrictPolicy.aspx?policyid=2367&id=771d704e43934742b0c3c250ff3dd377,2367,2025-05-19,,0.10299999999999998,0.368,0.0
07,Camden,5900,Woodlynne School District,E,Elementary,392,1,"Suburb, Large",3.0,True,True,True,https://www.straussesmay.com/seportal/Public/DistrictPolicy.aspx?policyid=5701&id=037f8f7d056b430da01971189d2fb897,5701,2010-05-01,2025-02-11,0.959,0.8749999999999999,0.163
33,Salem,5910,Woodstown-Pilesgrove Regional School District,U,Unified,1498,4,"Rural, Distant",1.0,True,True,True,https://www.straussesmay.com/seportal/Public/DistrictPolicy.aspx?policyid=2365&id=2b0344900e4c4437b9bf03082698a504,2365,2024-09-26,2025-02-27,0.273,0.251,0.6
03,Bergen,5920,Wyckoff Township Public School District,E,Elementary,2025,5,"Suburb, Large",3.0,False,False,True,,,,,0.18000000000000005,0.3,0.011000000000000001
